{
	"resources": [

		{
			"metadata": {
				"guid": "68aed49a-c2e7-488a-92b9-0d0146ea22fb",
				"url": "/v2/apps/68aed49a-c2e7-488a-92b9-0d0146ea22fb",
				"created_at": "2017-06-16T06:49:13Z",
				"updated_at": "2018-01-17T14:35:49Z"
			},
			"entity": {
				"name": "nfsbroker",
				"production": false,
				"space_guid": "1f568da7-926b-4b4c-9398-8654c918c929",
				"stack_guid": "07587a8f-1de5-4153-906b-b67d02ff5da5",
				"buildpack": "binary_buildpack",
				"detected_buildpack": "",
				"detected_buildpack_guid": "a003ad02-7dc2-4a35-ada5-6884b0d923bc",
				"environment_json": {
					"DBDRIVERNAME": "mysql",
					"DBHOST": "10.0.16.18",
					"DBNAME": "nfsvolume",
					"DBPORT": "3306",
					"DB_PASSWORD": "WjQfpJceoctkHHfSWgNKJ-zAxi4XGgkv",
					"DB_USERNAME": "P3BTBsk5TCY-7RZAU2amZt82sdaOWCE0",
					"GOPACKAGENAME": "nfsbroker",
					"GOVERSION": "go1.7",
					"LOGLEVEL": "info",
					"PASSWORD": "AMcO0ZtZwg3QZ2DS9MO9iX1WoJJE81g_",
					"SERVICENAME": "nfs",
					"USERNAME": "OAdDmjcOBGa-jOM8vEvQ_J3NHw9PW-lx"
				},
				"memory": 1024,
				"instances": 1,
				"disk_quota": 1024,
				"state": "STARTED",
				"version": "6f76673e-1bbc-4ca7-814c-b629932837a2",
				"command": null,
				"console": false,
				"debug": null,
				"staging_task_id": "3d2a68d5-f5e9-44ed-a68c-10e72cc52d01",
				"package_state": "STAGED",
				"health_check_type": "port",
				"health_check_timeout": null,
				"health_check_http_endpoint": null,
				"staging_failed_reason": null,
				"staging_failed_description": null,
				"diego": true,
				"docker_image": null,
				"package_updated_at": "2018-01-17T14:35:44Z",
				"detected_start_command": "bin/nfsbroker --listenAddr=\"0.0.0.0:$PORT\" --serviceName=\"$SERVICENAME\" --serviceId=\"nfsbroker\" --dbDriver=\"$DBDRIVERNAME\" --cfServiceName=\"$DBSERVICENAME\" --dbHostname=\"$DBHOST\" --dbPort=\"$DBPORT\" --dbName=\"$DBNAME\" --dbCACert=\"$DBCACERT\" --logLevel=\"$LOGLEVEL\"",
				"enable_ssh": true,
				"docker_credentials_json": {
					"redacted_message": "[PRIVATE DATA HIDDEN]"
				},
				"ports": [
					8080
				],
				"space_url": "/v2/spaces/1f568da7-926b-4b4c-9398-8654c918c929",
				"stack_url": "/v2/stacks/07587a8f-1de5-4153-906b-b67d02ff5da5",
				"routes_url": "/v2/apps/68aed49a-c2e7-488a-92b9-0d0146ea22fb/routes",
				"events_url": "/v2/apps/68aed49a-c2e7-488a-92b9-0d0146ea22fb/events",
				"service_bindings_url": "/v2/apps/68aed49a-c2e7-488a-92b9-0d0146ea22fb/service_bindings",
				"route_mappings_url": "/v2/apps/68aed49a-c2e7-488a-92b9-0d0146ea22fb/route_mappings"
			}
		},
		{
			"metadata": {
				"guid": "f0327e1b-48f3-4c1b-870b-d510e672fef9",
				"url": "/v2/apps/f0327e1b-48f3-4c1b-870b-d510e672fef9",
				"created_at": "2017-06-22T12:27:41Z",
				"updated_at": "2017-06-22T12:27:54Z"
			},
			"entity": {
				"name": "aws-services-broker",
				"production": false,
				"space_guid": "b2a35bc1-4335-4486-88c7-7d411a3e414a",
				"stack_guid": "07587a8f-1de5-4153-906b-b67d02ff5da5",
				"buildpack": "go_buildpack",
				"detected_buildpack": "",
				"detected_buildpack_guid": "05ef59be-3a28-4ec0-9c66-9ce06c79af37",
				"environment_json": {
					"DYNAMODB_CONFIG": "{\"ServiceKeyPolicyName\":\"PCFAppDeveloperPolicy-dynamodb\",\"Services\":[{\"id\":\"e918906a-1ed7-438e-8df0-ed060a8f4b9f\",\"description\":\"Create and manage Amazon DynamoDB tables\",\"bindable\":true,\"name\":\"aws-dynamodb\",\"public\":false,\"metadata\":{\"displayName\":\"Amazon DynamoDB\",\"providerDisplayName\":\"Amazon Web Services, Inc.\",\"documentationUrl\":\"https://aws.amazon.com/dynamodb/\",\"longDescription\":\"Amazon DynamoDB is a fast and flexible NoSQL database service for all applications that need consistent, single-digit millisecond latency at any scale\\n\"},\"plans\":[{\"id\":\"8ae35d60-eb3c-453d-8ccb-6e1b342ad899\",\"name\":\"standard\",\"description\":\"Create Amazon DynamoDB tables\",\"free\":false,\"bullets\":\"Key-value Data Model Support\\nSeamless Scaling\\nHigh Availability\\nDevelop Locally, Scale Globally\\n\",\"metadata\":{\"bullets\":[\"Key-value Data Model Support\",\"Seamless Scaling\",\"High Availability\",\"Develop Locally, Scale Globally\"]}}]}],\"ServiceProperties\":{\"e918906a-1ed7-438e-8df0-ed060a8f4b9f\":{\"DefaultRegion\":\"ap-southeast-1\"}},\"PlanProperties\":{\"8ae35d60-eb3c-453d-8ccb-6e1b342ad899\":{}}}\n",
					"RDS_CONFIG": "{\"EnableStorageEncryption\":false,\"SubnetGroupName\":null,\"VpcSecurityGroupIds\":null,\"PubliclyAccessible\":true,\"MasterUsername\":\"masterusername\",\"MasterPasswordSalt\":\"k67GkRhGN5-aHWg3-XE68AJkq82VsEt0\",\"InstancePrefix\":\"cf\",\"ServiceKeyPolicyName\":\"PCFAppDeveloperPolicy-rds\",\"Services\":[{\"id\":\"04934693-309a-4dcf-bd28-72613fcdb377\",\"description\":\"Create and manage Amazon RDS PostgreSQL deployments\",\"bindable\":true,\"name\":\"aws-rds-postgres\",\"public\":true,\"metadata\":{\"displayName\":\"Amazon RDS for PostgreSQL\",\"providerDisplayName\":\"Amazon Web Services, Inc.\",\"documentationUrl\":\"https://aws.amazon.com/rds/postgresql/\",\"longDescription\":\"Deploy scalable PostgreSQL deployments in minutes with cost-efficient and resizable hardware capacity\\n\"},\"plans\":[{\"guid\":\"70966059-b514-4d22-9f59-1ec88a3c8d97\",\"name\":\"basic\",\"description\":\"For small projects and during development.\",\"free\":false,\"bullets\":\"Shared processor\\nSSD storage\\nNo redundancy\\n\",\"CreateDBInstance_Engine\":\"postgres\",\"CreateDBInstance_EngineVersion\":\"9.6.1\",\"CreateDBInstance_CopyTagsToSnapshot\":true,\"CreateDBInstance_DBInstanceClass\":\"db.t2.micro\",\"CreateDBInstance_MultiAZ\":false,\"CreateDBInstance_StorageEncrypted\":false,\"CreateDBInstance_AllocatedStorage\":10,\"CreateDBInstance_StorageType\":\"gp2\",\"CreateDBInstance_Iops\":null,\"CreateDBInstance_BackupRetentionPeriod\":0,\"CreateDBInstance_PreferredBackupWindow\":null,\"CreateUserPrivileges_Grants\":\"CREATE, TEMP, CONNECT\",\"CreateUserPrivileges_EnforceSSL\":false,\"CreateDBInstance_DBParameterGroupName\":null,\"metadata\":{\"bullets\":[\"Shared processor\",\"SSD storage\",\"No redundancy\"]},\"id\":\"70966059-b514-4d22-9f59-1ec88a3c8d97\"},{\"guid\":\"b4294244-b1f8-4bdc-9bd2-7fd70bc53d3f\",\"name\":\"standard\",\"description\":\"For a small production database, multi-AZ, 2vCPU, 7.5GB\",\"free\":false,\"bullets\":\"Two processors\\nMulti-AZ redundancy\\nSmall production instance\\n\",\"CreateDBInstance_Engine\":\"postgres\",\"CreateDBInstance_EngineVersion\":\"9.6.1\",\"CreateDBInstance_CopyTagsToSnapshot\":true,\"CreateDBInstance_DBInstanceClass\":\"db.m4.large\",\"CreateDBInstance_MultiAZ\":true,\"CreateDBInstance_StorageEncrypted\":false,\"CreateDBInstance_AllocatedStorage\":100,\"CreateDBInstance_StorageType\":\"io1\",\"CreateDBInstance_Iops\":1000,\"CreateDBInstance_BackupRetentionPeriod\":7,\"CreateDBInstance_PreferredBackupWindow\":null,\"CreateUserPrivileges_Grants\":\"CREATE, TEMP, CONNECT\",\"CreateUserPrivileges_EnforceSSL\":false,\"CreateDBInstance_DBParameterGroupName\":null,\"metadata\":{\"bullets\":[\"Two processors\",\"Multi-AZ redundancy\",\"Small production instance\"]},\"id\":\"b4294244-b1f8-4bdc-9bd2-7fd70bc53d3f\"},{\"guid\":\"4e1419a1-f9aa-45f4-90d9-4e7b2a141af8\",\"name\":\"premium\",\"description\":\"For a mid-sized database, multi-AZ, 4 vCPU, 15GB\",\"free\":false,\"bullets\":\"Four processors\\nMulti-AZ redundancy\\nMedium production instance\\n\",\"CreateDBInstance_Engine\":\"postgres\",\"CreateDBInstance_EngineVersion\":\"9.6.1\",\"CreateDBInstance_CopyTagsToSnapshot\":true,\"CreateDBInstance_DBInstanceClass\":\"db.m4.xlarge\",\"CreateDBInstance_MultiAZ\":true,\"CreateDBInstance_StorageEncrypted\":false,\"CreateDBInstance_AllocatedStorage\":200,\"CreateDBInstance_StorageType\":\"io1\",\"CreateDBInstance_Iops\":1000,\"CreateDBInstance_BackupRetentionPeriod\":7,\"CreateDBInstance_PreferredBackupWindow\":null,\"CreateUserPrivileges_Grants\":\"CREATE, TEMP, CONNECT\",\"CreateUserPrivileges_EnforceSSL\":false,\"CreateDBInstance_DBParameterGroupName\":null,\"metadata\":{\"bullets\":[\"Four processors\",\"Multi-AZ redundancy\",\"Medium production instance\"]},\"id\":\"4e1419a1-f9aa-45f4-90d9-4e7b2a141af8\"},{\"guid\":\"34c8182d-918b-4cf8-b2df-0f624aed9654\",\"name\":\"enterprise\",\"description\":\"For a large database, multi-AZ, 8 vCPU, 32GB\",\"free\":false,\"bullets\":\"Eight processors\\nMulti-AZ redundancy\\nLarge production instance\\n\",\"CreateDBInstance_Engine\":\"postgres\",\"CreateDBInstance_EngineVersion\":\"9.6.1\",\"CreateDBInstance_CopyTagsToSnapshot\":true,\"CreateDBInstance_DBInstanceClass\":\"db.m4.2xlarge\",\"CreateDBInstance_MultiAZ\":true,\"CreateDBInstance_StorageEncrypted\":false,\"CreateDBInstance_AllocatedStorage\":500,\"CreateDBInstance_StorageType\":\"io1\",\"CreateDBInstance_Iops\":3000,\"CreateDBInstance_BackupRetentionPeriod\":7,\"CreateDBInstance_PreferredBackupWindow\":null,\"CreateUserPrivileges_Grants\":\"CREATE, TEMP, CONNECT\",\"CreateUserPrivileges_EnforceSSL\":false,\"CreateDBInstance_DBParameterGroupName\":null,\"metadata\":{\"bullets\":[\"Eight processors\",\"Multi-AZ redundancy\",\"Large production instance\"]},\"id\":\"34c8182d-918b-4cf8-b2df-0f624aed9654\"}]},{\"id\":\"ac8201a7-4e5d-4677-95ff-9cbc9dd392f4\",\"description\":\"Create and manage Amazon RDS MySQL deployments\",\"bindable\":true,\"name\":\"aws-rds-mysql\",\"public\":true,\"metadata\":{\"displayName\":\"Amazon RDS for MySQL\",\"providerDisplayName\":\"Amazon Web Services, Inc.\",\"documentationUrl\":\"https://aws.amazon.com/rds/mysql/\",\"longDescription\":\"Deploy scalable MySQL deployments in minutes with cost-efficient and resizable hardware capacity\\n\"},\"plans\":[{\"guid\":\"0c760ba5-012b-4c21-96ad-e9bbd9e32f0d\",\"name\":\"basic\",\"description\":\"For small projects and during development.\",\"free\":false,\"bullets\":\"Shared processor\\nSSD storage\\nNo redundancy\\n\",\"CreateDBInstance_Engine\":\"mysql\",\"CreateDBInstance_EngineVersion\":\"5.6.27\",\"CreateDBInstance_CopyTagsToSnapshot\":true,\"CreateDBInstance_DBInstanceClass\":\"db.t2.micro\",\"CreateDBInstance_MultiAZ\":false,\"CreateDBInstance_StorageEncrypted\":false,\"CreateDBInstance_AllocatedStorage\":10,\"CreateDBInstance_StorageType\":\"gp2\",\"CreateDBInstance_Iops\":null,\"CreateDBInstance_BackupRetentionPeriod\":0,\"CreateDBInstance_PreferredBackupWindow\":null,\"CreateUserPrivileges_Grants\":\"CREATE, SELECT, INSERT, UPDATE, DELETE, EXECUTE, DROP, LOCK TABLES, ALTER, INDEX\",\"CreateUserPrivileges_EnforceSSL\":false,\"CreateDBInstance_DBParameterGroupName\":null,\"metadata\":{\"bullets\":[\"Shared processor\",\"SSD storage\",\"No redundancy\"]},\"id\":\"0c760ba5-012b-4c21-96ad-e9bbd9e32f0d\"},{\"guid\":\"6dc4c1ed-753a-4c5a-bffd-b13567fb0f4e\",\"name\":\"standard\",\"description\":\"For a small production database, multi-AZ, 2vCPU, 7.5GB\",\"free\":false,\"bullets\":\"Two processors\\nMulti-AZ redundancy\\nSmall production instance\\n\",\"CreateDBInstance_Engine\":\"mysql\",\"CreateDBInstance_EngineVersion\":\"5.6.27\",\"CreateDBInstance_CopyTagsToSnapshot\":true,\"CreateDBInstance_DBInstanceClass\":\"db.m4.large\",\"CreateDBInstance_MultiAZ\":true,\"CreateDBInstance_StorageEncrypted\":false,\"CreateDBInstance_AllocatedStorage\":100,\"CreateDBInstance_StorageType\":\"io1\",\"CreateDBInstance_Iops\":1000,\"CreateDBInstance_BackupRetentionPeriod\":7,\"CreateDBInstance_PreferredBackupWindow\":null,\"CreateUserPrivileges_Grants\":\"CREATE, SELECT, INSERT, UPDATE, DELETE, EXECUTE, DROP, LOCK TABLES, ALTER, INDEX\",\"CreateUserPrivileges_EnforceSSL\":false,\"CreateDBInstance_DBParameterGroupName\":null,\"metadata\":{\"bullets\":[\"Two processors\",\"Multi-AZ redundancy\",\"Small production instance\"]},\"id\":\"6dc4c1ed-753a-4c5a-bffd-b13567fb0f4e\"},{\"guid\":\"211785c2-4b25-42cc-8898-5b4901f4be05\",\"name\":\"premium\",\"description\":\"For a mid-sized database, multi-AZ, 4 vCPU, 15GB\",\"free\":false,\"bullets\":\"Four processors\\nMulti-AZ redundancy\\nMedium production instance\\n\",\"CreateDBInstance_Engine\":\"mysql\",\"CreateDBInstance_EngineVersion\":\"5.6.27\",\"CreateDBInstance_CopyTagsToSnapshot\":true,\"CreateDBInstance_DBInstanceClass\":\"db.m4.xlarge\",\"CreateDBInstance_MultiAZ\":true,\"CreateDBInstance_StorageEncrypted\":false,\"CreateDBInstance_AllocatedStorage\":200,\"CreateDBInstance_StorageType\":\"io1\",\"CreateDBInstance_Iops\":1000,\"CreateDBInstance_BackupRetentionPeriod\":7,\"CreateDBInstance_PreferredBackupWindow\":null,\"CreateUserPrivileges_Grants\":\"CREATE, SELECT, INSERT, UPDATE, DELETE, EXECUTE, DROP, LOCK TABLES, ALTER, INDEX\",\"CreateUserPrivileges_EnforceSSL\":false,\"CreateDBInstance_DBParameterGroupName\":null,\"metadata\":{\"bullets\":[\"Four processors\",\"Multi-AZ redundancy\",\"Medium production instance\"]},\"id\":\"211785c2-4b25-42cc-8898-5b4901f4be05\"},{\"guid\":\"e11bf471-3ad3-4e10-b758-45d33ab2c5ea\",\"name\":\"enterprise\",\"description\":\"For a large database, multi-AZ, 8 vCPU, 32GB\",\"free\":false,\"bullets\":\"Eight processors\\nMulti-AZ redundancy\\nLarge production instance\\n\",\"CreateDBInstance_Engine\":\"mysql\",\"CreateDBInstance_EngineVersion\":\"5.6.27\",\"CreateDBInstance_CopyTagsToSnapshot\":true,\"CreateDBInstance_DBInstanceClass\":\"db.m4.2xlarge\",\"CreateDBInstance_MultiAZ\":true,\"CreateDBInstance_StorageEncrypted\":false,\"CreateDBInstance_AllocatedStorage\":500,\"CreateDBInstance_StorageType\":\"io1\",\"CreateDBInstance_Iops\":3000,\"CreateDBInstance_BackupRetentionPeriod\":7,\"CreateDBInstance_PreferredBackupWindow\":null,\"CreateUserPrivileges_Grants\":\"CREATE, SELECT, INSERT, UPDATE, DELETE, EXECUTE, DROP, LOCK TABLES, ALTER, INDEX\",\"CreateUserPrivileges_EnforceSSL\":false,\"CreateDBInstance_DBParameterGroupName\":null,\"metadata\":{\"bullets\":[\"Eight processors\",\"Multi-AZ redundancy\",\"Large production instance\"]},\"id\":\"e11bf471-3ad3-4e10-b758-45d33ab2c5ea\"}]},{\"id\":\"c83034ff-90b7-4f72-9d67-4fffe7647181\",\"description\":\"Create and manage Amazon RDS MariaDB deployments\",\"bindable\":true,\"name\":\"aws-rds-mariadb\",\"public\":true,\"metadata\":{\"displayName\":\"Amazon RDS for MariaDB\",\"providerDisplayName\":\"Amazon Web Services, Inc.\",\"documentationUrl\":\"https://aws.amazon.com/rds/mariadb/\",\"longDescription\":\"Deploy scalable MariaDB deployments in minutes with cost-efficient and resizable hardware capacity\\n\"},\"plans\":[{\"guid\":\"a5ce0a4b-ec77-47f6-8ed8-f8b1a7eb1ebc\",\"name\":\"basic\",\"description\":\"For small projects and during development.\",\"free\":false,\"bullets\":\"Shared processor\\nSSD storage\\nNo redundancy\\n\",\"CreateDBInstance_Engine\":\"mariadb\",\"CreateDBInstance_EngineVersion\":\"10.0.24\",\"CreateDBInstance_CopyTagsToSnapshot\":true,\"CreateDBInstance_DBInstanceClass\":\"db.t2.micro\",\"CreateDBInstance_MultiAZ\":false,\"CreateDBInstance_StorageEncrypted\":false,\"CreateDBInstance_AllocatedStorage\":10,\"CreateDBInstance_StorageType\":\"gp2\",\"CreateDBInstance_Iops\":null,\"CreateDBInstance_BackupRetentionPeriod\":0,\"CreateDBInstance_PreferredBackupWindow\":null,\"CreateUserPrivileges_Grants\":\"CREATE, SELECT, INSERT, UPDATE, DELETE, EXECUTE, DROP, LOCK TABLES, ALTER, INDEX\",\"CreateUserPrivileges_EnforceSSL\":false,\"CreateDBInstance_DBParameterGroupName\":null,\"metadata\":{\"bullets\":[\"Shared processor\",\"SSD storage\",\"No redundancy\"]},\"id\":\"a5ce0a4b-ec77-47f6-8ed8-f8b1a7eb1ebc\"},{\"guid\":\"d8448bb6-7b85-4696-bd49-b3250ce0772f\",\"name\":\"standard\",\"description\":\"For a small production database, multi-AZ, 2vCPU, 7.5GB\",\"free\":false,\"bullets\":\"Two processors\\nMulti-AZ redundancy\\nSmall production instance\\n\",\"CreateDBInstance_Engine\":\"mariadb\",\"CreateDBInstance_EngineVersion\":\"10.0.24\",\"CreateDBInstance_CopyTagsToSnapshot\":true,\"CreateDBInstance_DBInstanceClass\":\"db.m4.large\",\"CreateDBInstance_MultiAZ\":true,\"CreateDBInstance_StorageEncrypted\":false,\"CreateDBInstance_AllocatedStorage\":100,\"CreateDBInstance_StorageType\":\"io1\",\"CreateDBInstance_Iops\":1000,\"CreateDBInstance_BackupRetentionPeriod\":7,\"CreateDBInstance_PreferredBackupWindow\":null,\"CreateUserPrivileges_Grants\":\"CREATE, SELECT, INSERT, UPDATE, DELETE, EXECUTE, DROP, LOCK TABLES, ALTER, INDEX\",\"CreateUserPrivileges_EnforceSSL\":false,\"CreateDBInstance_DBParameterGroupName\":null,\"metadata\":{\"bullets\":[\"Two processors\",\"Multi-AZ redundancy\",\"Small production instance\"]},\"id\":\"d8448bb6-7b85-4696-bd49-b3250ce0772f\"},{\"guid\":\"927f7c9e-1704-4376-8243-a2956fea59ba\",\"name\":\"premium\",\"description\":\"For a mid-sized database, multi-AZ, 4 vCPU, 15GB\",\"free\":false,\"bullets\":\"Four processors\\nMulti-AZ redundancy\\nMedium production instance\\n\",\"CreateDBInstance_Engine\":\"mariadb\",\"CreateDBInstance_EngineVersion\":\"10.0.24\",\"CreateDBInstance_CopyTagsToSnapshot\":true,\"CreateDBInstance_DBInstanceClass\":\"db.m4.xlarge\",\"CreateDBInstance_MultiAZ\":true,\"CreateDBInstance_StorageEncrypted\":false,\"CreateDBInstance_AllocatedStorage\":200,\"CreateDBInstance_StorageType\":\"io1\",\"CreateDBInstance_Iops\":1000,\"CreateDBInstance_BackupRetentionPeriod\":7,\"CreateDBInstance_PreferredBackupWindow\":null,\"CreateUserPrivileges_Grants\":\"CREATE, SELECT, INSERT, UPDATE, DELETE, EXECUTE, DROP, LOCK TABLES, ALTER, INDEX\",\"CreateUserPrivileges_EnforceSSL\":false,\"CreateDBInstance_DBParameterGroupName\":null,\"metadata\":{\"bullets\":[\"Four processors\",\"Multi-AZ redundancy\",\"Medium production instance\"]},\"id\":\"927f7c9e-1704-4376-8243-a2956fea59ba\"},{\"guid\":\"8c6746ec-001e-4b2e-afd0-1808d309e5aa\",\"name\":\"enterprise\",\"description\":\"For a large database, multi-AZ, 8 vCPU, 32GB\",\"free\":false,\"bullets\":\"Eight processors\\nMulti-AZ redundancy\\nLarge production instance\\n\",\"CreateDBInstance_Engine\":\"mariadb\",\"CreateDBInstance_EngineVersion\":\"10.0.24\",\"CreateDBInstance_CopyTagsToSnapshot\":true,\"CreateDBInstance_DBInstanceClass\":\"db.m4.2xlarge\",\"CreateDBInstance_MultiAZ\":true,\"CreateDBInstance_StorageEncrypted\":false,\"CreateDBInstance_AllocatedStorage\":500,\"CreateDBInstance_StorageType\":\"io1\",\"CreateDBInstance_Iops\":3000,\"CreateDBInstance_BackupRetentionPeriod\":7,\"CreateDBInstance_PreferredBackupWindow\":null,\"CreateUserPrivileges_Grants\":\"CREATE, SELECT, INSERT, UPDATE, DELETE, EXECUTE, DROP, LOCK TABLES, ALTER, INDEX\",\"CreateUserPrivileges_EnforceSSL\":false,\"CreateDBInstance_DBParameterGroupName\":null,\"metadata\":{\"bullets\":[\"Eight processors\",\"Multi-AZ redundancy\",\"Large production instance\"]},\"id\":\"8c6746ec-001e-4b2e-afd0-1808d309e5aa\"}]},{\"id\":\"1525d320-47b2-431b-a4ec-f85c3a9e6f05\",\"description\":\"Create and manage Amazon RDS Aurora deployments\",\"bindable\":true,\"name\":\"aws-rds-aurora\",\"public\":true,\"metadata\":{\"displayName\":\"Amazon Aurora - MySQL\",\"providerDisplayName\":\"Amazon Web Services, Inc.\",\"documentationUrl\":\"https://aws.amazon.com/rds/aurora/\",\"longDescription\":\"Deploy scalable Amazon Aurora deployments in minutes with cost-efficient and resizable hardware capacity\\n\"},\"plans\":[{\"guid\":\"d4d6aaa1-becb-4db6-b151-8f666b6ffce8\",\"name\":\"basic\",\"description\":\"For small projects and during development. 2 vCPU, 15GB\",\"free\":false,\"bullets\":\"Two processors\\nSmall instance\\nNo backups\\n\",\"CreateDBInstance_Engine\":\"aurora\",\"CreateDBInstance_EngineVersion\":\"5.6.10a\",\"CreateDBInstance_CopyTagsToSnapshot\":true,\"CreateDBInstance_DBInstanceClass\":\"db.r3.large\",\"CreateDBInstance_BackupRetentionPeriod\":1,\"CreateDBInstance_PreferredBackupWindow\":null,\"CreateDBInstance_StorageEncrypted\":false,\"CreateUserPrivileges_Grants\":\"CREATE, SELECT, INSERT, UPDATE, DELETE, EXECUTE, DROP, LOCK TABLES, ALTER, INDEX\",\"CreateUserPrivileges_EnforceSSL\":false,\"CreateDBInstance_DBParameterGroupName\":null,\"metadata\":{\"bullets\":[\"Two processors\",\"Small instance\",\"No backups\"]},\"id\":\"d4d6aaa1-becb-4db6-b151-8f666b6ffce8\"},{\"guid\":\"acd76cda-ee28-4c83-8eac-e51d896ca2c3\",\"name\":\"standard\",\"description\":\"For a small production database, 4 vCPU, 30.5GB\",\"free\":false,\"bullets\":\"Four processors\\nSmall production instance\\n\",\"CreateDBInstance_Engine\":\"aurora\",\"CreateDBInstance_EngineVersion\":\"5.6.10a\",\"CreateDBInstance_CopyTagsToSnapshot\":true,\"CreateDBInstance_DBInstanceClass\":\"db.r3.xlarge\",\"CreateDBInstance_BackupRetentionPeriod\":7,\"CreateDBInstance_PreferredBackupWindow\":null,\"CreateDBInstance_StorageEncrypted\":false,\"CreateUserPrivileges_Grants\":\"CREATE, SELECT, INSERT, UPDATE, DELETE, EXECUTE, DROP, LOCK TABLES, ALTER, INDEX\",\"CreateUserPrivileges_EnforceSSL\":false,\"CreateDBInstance_DBParameterGroupName\":null,\"metadata\":{\"bullets\":[\"Four processors\",\"Small production instance\"]},\"id\":\"acd76cda-ee28-4c83-8eac-e51d896ca2c3\"},{\"guid\":\"feb34aee-6db1-4774-ba20-8cd6e3b61a7e\",\"name\":\"premium\",\"description\":\"For a mid-sized database, 8 vCPU, 61GB\",\"free\":false,\"bullets\":\"Eight processors\\nMedium production instance\\n\",\"CreateDBInstance_Engine\":\"aurora\",\"CreateDBInstance_EngineVersion\":\"5.6.10a\",\"CreateDBInstance_CopyTagsToSnapshot\":true,\"CreateDBInstance_DBInstanceClass\":\"db.r3.2xlarge\",\"CreateDBInstance_BackupRetentionPeriod\":7,\"CreateDBInstance_PreferredBackupWindow\":null,\"CreateDBInstance_StorageEncrypted\":false,\"CreateUserPrivileges_Grants\":\"CREATE, SELECT, INSERT, UPDATE, DELETE, EXECUTE, DROP, LOCK TABLES, ALTER, INDEX\",\"CreateUserPrivileges_EnforceSSL\":false,\"CreateDBInstance_DBParameterGroupName\":null,\"metadata\":{\"bullets\":[\"Eight processors\",\"Medium production instance\"]},\"id\":\"feb34aee-6db1-4774-ba20-8cd6e3b61a7e\"},{\"guid\":\"b3fd25ca-6a84-4a1b-a10d-bf60b890e713\",\"name\":\"enterprise\",\"description\":\"For a large database, 16 vCPU, 122GB\",\"free\":false,\"bullets\":\"Sixteen processors\\nLarge production instance\\n\",\"CreateDBInstance_Engine\":\"aurora\",\"CreateDBInstance_EngineVersion\":\"5.6.10a\",\"CreateDBInstance_CopyTagsToSnapshot\":true,\"CreateDBInstance_DBInstanceClass\":\"db.r3.4xlarge\",\"CreateDBInstance_BackupRetentionPeriod\":7,\"CreateDBInstance_PreferredBackupWindow\":null,\"CreateDBInstance_StorageEncrypted\":false,\"CreateUserPrivileges_Grants\":\"CREATE, SELECT, INSERT, UPDATE, DELETE, EXECUTE, DROP, LOCK TABLES, ALTER, INDEX\",\"CreateUserPrivileges_EnforceSSL\":false,\"CreateDBInstance_DBParameterGroupName\":null,\"metadata\":{\"bullets\":[\"Sixteen processors\",\"Large production instance\"]},\"id\":\"b3fd25ca-6a84-4a1b-a10d-bf60b890e713\"}]},{\"id\":\"c73f3d57-59b7-4b1c-9ddd-7b157dff0458\",\"description\":\"Create and manage Amazon RDS SQL Server deployments\",\"bindable\":true,\"name\":\"aws-rds-sqlserver\",\"public\":true,\"metadata\":{\"displayName\":\"Amazon RDS for SQL Server\",\"providerDisplayName\":\"Amazon Web Services, Inc.\",\"documentationUrl\":\"https://aws.amazon.com/rds/sqlserver/\",\"longDescription\":\"Deploy scalable SQL Server deployments in minutes with cost-efficient and resizable hardware capacity\\n\"},\"plans\":[{\"guid\":\"d964d111-0eb0-4128-8310-3ab01bb34acb\",\"name\":\"basic\",\"description\":\"For small projects and during development. 1 vCPU, 1GB\",\"free\":false,\"bullets\":\"One processor\\nSmall instance\\nNo backups\\n\",\"CreateDBInstance_Engine\":\"sqlserver-ex\",\"CreateDBInstance_EngineVersion\":\"12.00.4422.0.v1\",\"CreateDBInstance_CopyTagsToSnapshot\":true,\"CreateDBInstance_DBInstanceClass\":\"db.t2.micro\",\"CreateDBInstance_AllocatedStorage\":20,\"CreateDBInstance_StorageType\":\"gp2\",\"CreateDBInstance_Iops\":null,\"CreateDBInstance_BackupRetentionPeriod\":0,\"CreateDBInstance_PreferredBackupWindow\":null,\"CreateDBInstance_LicenseModel\":\"license-included\",\"CreateDBInstance_StorageEncrypted\":false,\"CreateUserPrivileges_EnforceSSL\":false,\"metadata\":{\"bullets\":[\"One processor\",\"Small instance\",\"No backups\"]},\"id\":\"d964d111-0eb0-4128-8310-3ab01bb34acb\"},{\"guid\":\"05253cc0-eb22-4b1a-b1c3-510a67dbe89c\",\"name\":\"standard\",\"description\":\"For a small production database, 2 vCPU, 8GB\",\"free\":false,\"bullets\":\"Two processors\\nSmall production instance\\n\",\"CreateDBInstance_Engine\":\"sqlserver-web\",\"CreateDBInstance_EngineVersion\":\"12.00.4422.0.v1\",\"CreateDBInstance_CopyTagsToSnapshot\":true,\"CreateDBInstance_DBInstanceClass\":\"db.m4.large\",\"CreateDBInstance_AllocatedStorage\":20,\"CreateDBInstance_StorageType\":\"gp2\",\"CreateDBInstance_Iops\":null,\"CreateDBInstance_BackupRetentionPeriod\":7,\"CreateDBInstance_PreferredBackupWindow\":null,\"CreateDBInstance_LicenseModel\":\"license-included\",\"CreateDBInstance_StorageEncrypted\":false,\"CreateUserPrivileges_EnforceSSL\":false,\"metadata\":{\"bullets\":[\"Two processors\",\"Small production instance\"]},\"id\":\"05253cc0-eb22-4b1a-b1c3-510a67dbe89c\"},{\"guid\":\"7949ecf4-37ea-4bd5-8511-34ae14234bb4\",\"name\":\"premium\",\"description\":\"For a medium production database, 2 vCPU, 8GB\",\"free\":false,\"bullets\":\"Two processors\\nSmall production instance\\n\",\"CreateDBInstance_Engine\":\"sqlserver-se\",\"CreateDBInstance_EngineVersion\":\"12.00.4422.0.v1\",\"CreateDBInstance_CopyTagsToSnapshot\":true,\"CreateDBInstance_DBInstanceClass\":\"db.m4.large\",\"CreateDBInstance_AllocatedStorage\":200,\"CreateDBInstance_StorageType\":\"io1\",\"CreateDBInstance_Iops\":1000,\"CreateDBInstance_BackupRetentionPeriod\":7,\"CreateDBInstance_PreferredBackupWindow\":null,\"CreateDBInstance_LicenseModel\":\"license-included\",\"CreateDBInstance_StorageEncrypted\":false,\"CreateUserPrivileges_EnforceSSL\":false,\"metadata\":{\"bullets\":[\"Two processors\",\"Small production instance\"]},\"id\":\"7949ecf4-37ea-4bd5-8511-34ae14234bb4\"},{\"guid\":\"6861ca9e-4790-4186-9174-426b9e4cecd0\",\"name\":\"enterprise\",\"description\":\"For a large database, 4 vCPU, 16GB\",\"free\":false,\"bullets\":\"Four processors\\nLarge production instance\\n\",\"CreateDBInstance_Engine\":\"sqlserver-se\",\"CreateDBInstance_EngineVersion\":\"11.00.6020.0.v1\",\"CreateDBInstance_CopyTagsToSnapshot\":true,\"CreateDBInstance_DBInstanceClass\":\"db.m4.xlarge\",\"CreateDBInstance_AllocatedStorage\":500,\"CreateDBInstance_StorageType\":\"io1\",\"CreateDBInstance_Iops\":3000,\"CreateDBInstance_BackupRetentionPeriod\":7,\"CreateDBInstance_PreferredBackupWindow\":null,\"CreateDBInstance_LicenseModel\":\"license-included\",\"CreateDBInstance_StorageEncrypted\":false,\"CreateUserPrivileges_EnforceSSL\":false,\"metadata\":{\"bullets\":[\"Four processors\",\"Large production instance\"]},\"id\":\"6861ca9e-4790-4186-9174-426b9e4cecd0\"}]},{\"id\":\"d28dafff-164b-4688-9385-2884b69585c3\",\"description\":\"Create and manage Amazon RDS Oracle deployments\",\"bindable\":true,\"name\":\"aws-rds-oracle\",\"public\":true,\"metadata\":{\"displayName\":\"Amazon RDS for Oracle Database\",\"providerDisplayName\":\"Amazon Web Services, Inc.\",\"documentationUrl\":\"https://aws.amazon.com/rds/oracle/\",\"longDescription\":\"Deploy scalable Amazon RDS for Oracle Database deployments in minutes with cost-efficient and resizable hardware capacity\\n\"},\"plans\":[{\"guid\":\"d4bc39fd-091a-4ed6-bec6-af16e6c96aca\",\"name\":\"basic\",\"description\":\"For small projects and during development.\",\"free\":false,\"bullets\":\"Shared processor\\nSSD storage\\nNo redundancy\\n\",\"CreateDBInstance_Engine\":\"oracle-se2\",\"CreateDBInstance_EngineVersion\":\"12.1.0.2.v3\",\"CreateDBInstance_CopyTagsToSnapshot\":true,\"CreateDBInstance_DBInstanceClass\":\"db.t2.micro\",\"CreateDBInstance_MultiAZ\":false,\"CreateDBInstance_AllocatedStorage\":10,\"CreateDBInstance_StorageType\":\"gp2\",\"CreateDBInstance_Iops\":null,\"CreateDBInstance_BackupRetentionPeriod\":0,\"CreateDBInstance_PreferredBackupWindow\":null,\"CreateDBInstance_LicenseModel\":\"bring-your-own-license\",\"CreateDBInstance_StorageEncrypted\":false,\"metadata\":{\"bullets\":[\"Shared processor\",\"SSD storage\",\"No redundancy\"]},\"id\":\"d4bc39fd-091a-4ed6-bec6-af16e6c96aca\"},{\"guid\":\"ecd5277a-6a21-4f6b-a588-7ad220ab5dee\",\"name\":\"standard\",\"description\":\"For a small production database, multi-AZ, 2vCPU, 8GB\",\"free\":false,\"bullets\":\"Two processors\\nMulti-AZ redundancy\\nSmall production instance\\n\",\"CreateDBInstance_Engine\":\"oracle-se2\",\"CreateDBInstance_EngineVersion\":\"12.1.0.2.v3\",\"CreateDBInstance_CopyTagsToSnapshot\":true,\"CreateDBInstance_DBInstanceClass\":\"db.m4.large\",\"CreateDBInstance_MultiAZ\":true,\"CreateDBInstance_AllocatedStorage\":100,\"CreateDBInstance_StorageType\":\"gp2\",\"CreateDBInstance_Iops\":1000,\"CreateDBInstance_BackupRetentionPeriod\":7,\"CreateDBInstance_PreferredBackupWindow\":null,\"CreateDBInstance_LicenseModel\":\"bring-your-own-license\",\"CreateDBInstance_StorageEncrypted\":false,\"metadata\":{\"bullets\":[\"Two processors\",\"Multi-AZ redundancy\",\"Small production instance\"]},\"id\":\"ecd5277a-6a21-4f6b-a588-7ad220ab5dee\"},{\"guid\":\"9d54f3ee-4130-474e-893f-ea094db5d415\",\"name\":\"premium\",\"description\":\"For a mid-sized database, multi-AZ, 4 vCPU, 16GB\",\"free\":false,\"bullets\":\"Four processors\\nMulti-AZ redundancy\\nMedium production instance\\n\",\"CreateDBInstance_Engine\":\"oracle-se2\",\"CreateDBInstance_EngineVersion\":\"12.1.0.2.v3\",\"CreateDBInstance_CopyTagsToSnapshot\":true,\"CreateDBInstance_DBInstanceClass\":\"db.m4.xlarge\",\"CreateDBInstance_MultiAZ\":true,\"CreateDBInstance_AllocatedStorage\":200,\"CreateDBInstance_StorageType\":\"io1\",\"CreateDBInstance_Iops\":1000,\"CreateDBInstance_BackupRetentionPeriod\":7,\"CreateDBInstance_PreferredBackupWindow\":null,\"CreateDBInstance_LicenseModel\":\"bring-your-own-license\",\"CreateDBInstance_StorageEncrypted\":false,\"metadata\":{\"bullets\":[\"Four processors\",\"Multi-AZ redundancy\",\"Medium production instance\"]},\"id\":\"9d54f3ee-4130-474e-893f-ea094db5d415\"},{\"guid\":\"8cc5463b-7a7f-4807-8982-82a61686a1ec\",\"name\":\"enterprise\",\"description\":\"For a large database, multi-AZ, 8 vCPU, 32GB\",\"free\":false,\"bullets\":\"Eight processors\\nMulti-AZ redundancy\\nLarge production instance\\n\",\"CreateDBInstance_Engine\":\"oracle-ee\",\"CreateDBInstance_EngineVersion\":\"12.1.0.2.v3\",\"CreateDBInstance_CopyTagsToSnapshot\":true,\"CreateDBInstance_DBInstanceClass\":\"db.m4.2xlarge\",\"CreateDBInstance_MultiAZ\":true,\"CreateDBInstance_AllocatedStorage\":500,\"CreateDBInstance_StorageType\":\"io1\",\"CreateDBInstance_Iops\":3000,\"CreateDBInstance_BackupRetentionPeriod\":7,\"CreateDBInstance_PreferredBackupWindow\":null,\"CreateDBInstance_LicenseModel\":\"bring-your-own-license\",\"CreateDBInstance_StorageEncrypted\":false,\"metadata\":{\"bullets\":[\"Eight processors\",\"Multi-AZ redundancy\",\"Large production instance\"]},\"id\":\"8cc5463b-7a7f-4807-8982-82a61686a1ec\"}]}],\"ServiceProperties\":{\"04934693-309a-4dcf-bd28-72613fcdb377\":{\"DefaultRegion\":\"ap-southeast-1\",\"DefaultAvailabilityZone\":null},\"ac8201a7-4e5d-4677-95ff-9cbc9dd392f4\":{\"DefaultRegion\":\"ap-southeast-1\",\"DefaultAvailabilityZone\":null},\"c83034ff-90b7-4f72-9d67-4fffe7647181\":{\"DefaultRegion\":\"ap-southeast-1\",\"DefaultAvailabilityZone\":null},\"1525d320-47b2-431b-a4ec-f85c3a9e6f05\":{\"DefaultRegion\":\"ap-southeast-1\",\"DefaultAvailabilityZone\":null},\"c73f3d57-59b7-4b1c-9ddd-7b157dff0458\":{\"DefaultRegion\":\"ap-southeast-1\",\"DefaultAvailabilityZone\":null},\"d28dafff-164b-4688-9385-2884b69585c3\":{\"DefaultRegion\":\"ap-southeast-1\",\"DefaultAvailabilityZone\":null}},\"PlanProperties\":{\"70966059-b514-4d22-9f59-1ec88a3c8d97\":{\"CreateDBInstance\":{\"Engine\":\"postgres\",\"EngineVersion\":\"9.6.1\",\"CopyTagsToSnapshot\":true,\"DBInstanceClass\":\"db.t2.micro\",\"MultiAZ\":false,\"StorageEncrypted\":false,\"AllocatedStorage\":10,\"StorageType\":\"gp2\",\"Iops\":null,\"BackupRetentionPeriod\":0,\"PreferredBackupWindow\":null,\"DBParameterGroupName\":null,\"PubliclyAccessible\":true},\"CreateUserPrivileges\":{\"Grants\":\"CREATE, TEMP, CONNECT\",\"EnforceSSL\":false}},\"b4294244-b1f8-4bdc-9bd2-7fd70bc53d3f\":{\"CreateDBInstance\":{\"Engine\":\"postgres\",\"EngineVersion\":\"9.6.1\",\"CopyTagsToSnapshot\":true,\"DBInstanceClass\":\"db.m4.large\",\"MultiAZ\":true,\"StorageEncrypted\":false,\"AllocatedStorage\":100,\"StorageType\":\"io1\",\"Iops\":1000,\"BackupRetentionPeriod\":7,\"PreferredBackupWindow\":null,\"DBParameterGroupName\":null,\"PubliclyAccessible\":true},\"CreateUserPrivileges\":{\"Grants\":\"CREATE, TEMP, CONNECT\",\"EnforceSSL\":false}},\"4e1419a1-f9aa-45f4-90d9-4e7b2a141af8\":{\"CreateDBInstance\":{\"Engine\":\"postgres\",\"EngineVersion\":\"9.6.1\",\"CopyTagsToSnapshot\":true,\"DBInstanceClass\":\"db.m4.xlarge\",\"MultiAZ\":true,\"StorageEncrypted\":false,\"AllocatedStorage\":200,\"StorageType\":\"io1\",\"Iops\":1000,\"BackupRetentionPeriod\":7,\"PreferredBackupWindow\":null,\"DBParameterGroupName\":null,\"PubliclyAccessible\":true},\"CreateUserPrivileges\":{\"Grants\":\"CREATE, TEMP, CONNECT\",\"EnforceSSL\":false}},\"34c8182d-918b-4cf8-b2df-0f624aed9654\":{\"CreateDBInstance\":{\"Engine\":\"postgres\",\"EngineVersion\":\"9.6.1\",\"CopyTagsToSnapshot\":true,\"DBInstanceClass\":\"db.m4.2xlarge\",\"MultiAZ\":true,\"StorageEncrypted\":false,\"AllocatedStorage\":500,\"StorageType\":\"io1\",\"Iops\":3000,\"BackupRetentionPeriod\":7,\"PreferredBackupWindow\":null,\"DBParameterGroupName\":null,\"PubliclyAccessible\":true},\"CreateUserPrivileges\":{\"Grants\":\"CREATE, TEMP, CONNECT\",\"EnforceSSL\":false}},\"0c760ba5-012b-4c21-96ad-e9bbd9e32f0d\":{\"CreateDBInstance\":{\"Engine\":\"mysql\",\"EngineVersion\":\"5.6.27\",\"CopyTagsToSnapshot\":true,\"DBInstanceClass\":\"db.t2.micro\",\"MultiAZ\":false,\"StorageEncrypted\":false,\"AllocatedStorage\":10,\"StorageType\":\"gp2\",\"Iops\":null,\"BackupRetentionPeriod\":0,\"PreferredBackupWindow\":null,\"DBParameterGroupName\":null,\"PubliclyAccessible\":true},\"CreateUserPrivileges\":{\"Grants\":\"CREATE, SELECT, INSERT, UPDATE, DELETE, EXECUTE, DROP, LOCK TABLES, ALTER, INDEX\",\"EnforceSSL\":false}},\"6dc4c1ed-753a-4c5a-bffd-b13567fb0f4e\":{\"CreateDBInstance\":{\"Engine\":\"mysql\",\"EngineVersion\":\"5.6.27\",\"CopyTagsToSnapshot\":true,\"DBInstanceClass\":\"db.m4.large\",\"MultiAZ\":true,\"StorageEncrypted\":false,\"AllocatedStorage\":100,\"StorageType\":\"io1\",\"Iops\":1000,\"BackupRetentionPeriod\":7,\"PreferredBackupWindow\":null,\"DBParameterGroupName\":null,\"PubliclyAccessible\":true},\"CreateUserPrivileges\":{\"Grants\":\"CREATE, SELECT, INSERT, UPDATE, DELETE, EXECUTE, DROP, LOCK TABLES, ALTER, INDEX\",\"EnforceSSL\":false}},\"211785c2-4b25-42cc-8898-5b4901f4be05\":{\"CreateDBInstance\":{\"Engine\":\"mysql\",\"EngineVersion\":\"5.6.27\",\"CopyTagsToSnapshot\":true,\"DBInstanceClass\":\"db.m4.xlarge\",\"MultiAZ\":true,\"StorageEncrypted\":false,\"AllocatedStorage\":200,\"StorageType\":\"io1\",\"Iops\":1000,\"BackupRetentionPeriod\":7,\"PreferredBackupWindow\":null,\"DBParameterGroupName\":null,\"PubliclyAccessible\":true},\"CreateUserPrivileges\":{\"Grants\":\"CREATE, SELECT, INSERT, UPDATE, DELETE, EXECUTE, DROP, LOCK TABLES, ALTER, INDEX\",\"EnforceSSL\":false}},\"e11bf471-3ad3-4e10-b758-45d33ab2c5ea\":{\"CreateDBInstance\":{\"Engine\":\"mysql\",\"EngineVersion\":\"5.6.27\",\"CopyTagsToSnapshot\":true,\"DBInstanceClass\":\"db.m4.2xlarge\",\"MultiAZ\":true,\"StorageEncrypted\":false,\"AllocatedStorage\":500,\"StorageType\":\"io1\",\"Iops\":3000,\"BackupRetentionPeriod\":7,\"PreferredBackupWindow\":null,\"DBParameterGroupName\":null,\"PubliclyAccessible\":true},\"CreateUserPrivileges\":{\"Grants\":\"CREATE, SELECT, INSERT, UPDATE, DELETE, EXECUTE, DROP, LOCK TABLES, ALTER, INDEX\",\"EnforceSSL\":false}},\"a5ce0a4b-ec77-47f6-8ed8-f8b1a7eb1ebc\":{\"CreateDBInstance\":{\"Engine\":\"mariadb\",\"EngineVersion\":\"10.0.24\",\"CopyTagsToSnapshot\":true,\"DBInstanceClass\":\"db.t2.micro\",\"MultiAZ\":false,\"StorageEncrypted\":false,\"AllocatedStorage\":10,\"StorageType\":\"gp2\",\"Iops\":null,\"BackupRetentionPeriod\":0,\"PreferredBackupWindow\":null,\"DBParameterGroupName\":null,\"PubliclyAccessible\":true},\"CreateUserPrivileges\":{\"Grants\":\"CREATE, SELECT, INSERT, UPDATE, DELETE, EXECUTE, DROP, LOCK TABLES, ALTER, INDEX\",\"EnforceSSL\":false}},\"d8448bb6-7b85-4696-bd49-b3250ce0772f\":{\"CreateDBInstance\":{\"Engine\":\"mariadb\",\"EngineVersion\":\"10.0.24\",\"CopyTagsToSnapshot\":true,\"DBInstanceClass\":\"db.m4.large\",\"MultiAZ\":true,\"StorageEncrypted\":false,\"AllocatedStorage\":100,\"StorageType\":\"io1\",\"Iops\":1000,\"BackupRetentionPeriod\":7,\"PreferredBackupWindow\":null,\"DBParameterGroupName\":null,\"PubliclyAccessible\":true},\"CreateUserPrivileges\":{\"Grants\":\"CREATE, SELECT, INSERT, UPDATE, DELETE, EXECUTE, DROP, LOCK TABLES, ALTER, INDEX\",\"EnforceSSL\":false}},\"927f7c9e-1704-4376-8243-a2956fea59ba\":{\"CreateDBInstance\":{\"Engine\":\"mariadb\",\"EngineVersion\":\"10.0.24\",\"CopyTagsToSnapshot\":true,\"DBInstanceClass\":\"db.m4.xlarge\",\"MultiAZ\":true,\"StorageEncrypted\":false,\"AllocatedStorage\":200,\"StorageType\":\"io1\",\"Iops\":1000,\"BackupRetentionPeriod\":7,\"PreferredBackupWindow\":null,\"DBParameterGroupName\":null,\"PubliclyAccessible\":true},\"CreateUserPrivileges\":{\"Grants\":\"CREATE, SELECT, INSERT, UPDATE, DELETE, EXECUTE, DROP, LOCK TABLES, ALTER, INDEX\",\"EnforceSSL\":false}},\"8c6746ec-001e-4b2e-afd0-1808d309e5aa\":{\"CreateDBInstance\":{\"Engine\":\"mariadb\",\"EngineVersion\":\"10.0.24\",\"CopyTagsToSnapshot\":true,\"DBInstanceClass\":\"db.m4.2xlarge\",\"MultiAZ\":true,\"StorageEncrypted\":false,\"AllocatedStorage\":500,\"StorageType\":\"io1\",\"Iops\":3000,\"BackupRetentionPeriod\":7,\"PreferredBackupWindow\":null,\"DBParameterGroupName\":null,\"PubliclyAccessible\":true},\"CreateUserPrivileges\":{\"Grants\":\"CREATE, SELECT, INSERT, UPDATE, DELETE, EXECUTE, DROP, LOCK TABLES, ALTER, INDEX\",\"EnforceSSL\":false}},\"d4d6aaa1-becb-4db6-b151-8f666b6ffce8\":{\"CreateDBInstance\":{\"Engine\":\"aurora\",\"EngineVersion\":\"5.6.10a\",\"CopyTagsToSnapshot\":true,\"DBInstanceClass\":\"db.r3.large\",\"BackupRetentionPeriod\":1,\"PreferredBackupWindow\":null,\"StorageEncrypted\":false,\"DBParameterGroupName\":null,\"PubliclyAccessible\":true},\"CreateUserPrivileges\":{\"Grants\":\"CREATE, SELECT, INSERT, UPDATE, DELETE, EXECUTE, DROP, LOCK TABLES, ALTER, INDEX\",\"EnforceSSL\":false}},\"acd76cda-ee28-4c83-8eac-e51d896ca2c3\":{\"CreateDBInstance\":{\"Engine\":\"aurora\",\"EngineVersion\":\"5.6.10a\",\"CopyTagsToSnapshot\":true,\"DBInstanceClass\":\"db.r3.xlarge\",\"BackupRetentionPeriod\":7,\"PreferredBackupWindow\":null,\"StorageEncrypted\":false,\"DBParameterGroupName\":null,\"PubliclyAccessible\":true},\"CreateUserPrivileges\":{\"Grants\":\"CREATE, SELECT, INSERT, UPDATE, DELETE, EXECUTE, DROP, LOCK TABLES, ALTER, INDEX\",\"EnforceSSL\":false}},\"feb34aee-6db1-4774-ba20-8cd6e3b61a7e\":{\"CreateDBInstance\":{\"Engine\":\"aurora\",\"EngineVersion\":\"5.6.10a\",\"CopyTagsToSnapshot\":true,\"DBInstanceClass\":\"db.r3.2xlarge\",\"BackupRetentionPeriod\":7,\"PreferredBackupWindow\":null,\"StorageEncrypted\":false,\"DBParameterGroupName\":null,\"PubliclyAccessible\":true},\"CreateUserPrivileges\":{\"Grants\":\"CREATE, SELECT, INSERT, UPDATE, DELETE, EXECUTE, DROP, LOCK TABLES, ALTER, INDEX\",\"EnforceSSL\":false}},\"b3fd25ca-6a84-4a1b-a10d-bf60b890e713\":{\"CreateDBInstance\":{\"Engine\":\"aurora\",\"EngineVersion\":\"5.6.10a\",\"CopyTagsToSnapshot\":true,\"DBInstanceClass\":\"db.r3.4xlarge\",\"BackupRetentionPeriod\":7,\"PreferredBackupWindow\":null,\"StorageEncrypted\":false,\"DBParameterGroupName\":null,\"PubliclyAccessible\":true},\"CreateUserPrivileges\":{\"Grants\":\"CREATE, SELECT, INSERT, UPDATE, DELETE, EXECUTE, DROP, LOCK TABLES, ALTER, INDEX\",\"EnforceSSL\":false}},\"d964d111-0eb0-4128-8310-3ab01bb34acb\":{\"CreateDBInstance\":{\"Engine\":\"sqlserver-ex\",\"EngineVersion\":\"12.00.4422.0.v1\",\"CopyTagsToSnapshot\":true,\"DBInstanceClass\":\"db.t2.micro\",\"AllocatedStorage\":20,\"StorageType\":\"gp2\",\"Iops\":null,\"BackupRetentionPeriod\":0,\"PreferredBackupWindow\":null,\"LicenseModel\":\"license-included\",\"StorageEncrypted\":false,\"PubliclyAccessible\":true},\"CreateUserPrivileges\":{\"EnforceSSL\":false}},\"05253cc0-eb22-4b1a-b1c3-510a67dbe89c\":{\"CreateDBInstance\":{\"Engine\":\"sqlserver-web\",\"EngineVersion\":\"12.00.4422.0.v1\",\"CopyTagsToSnapshot\":true,\"DBInstanceClass\":\"db.m4.large\",\"AllocatedStorage\":20,\"StorageType\":\"gp2\",\"Iops\":null,\"BackupRetentionPeriod\":7,\"PreferredBackupWindow\":null,\"LicenseModel\":\"license-included\",\"StorageEncrypted\":false,\"PubliclyAccessible\":true},\"CreateUserPrivileges\":{\"EnforceSSL\":false}},\"7949ecf4-37ea-4bd5-8511-34ae14234bb4\":{\"CreateDBInstance\":{\"Engine\":\"sqlserver-se\",\"EngineVersion\":\"12.00.4422.0.v1\",\"CopyTagsToSnapshot\":true,\"DBInstanceClass\":\"db.m4.large\",\"AllocatedStorage\":200,\"StorageType\":\"io1\",\"Iops\":1000,\"BackupRetentionPeriod\":7,\"PreferredBackupWindow\":null,\"LicenseModel\":\"license-included\",\"StorageEncrypted\":false,\"PubliclyAccessible\":true},\"CreateUserPrivileges\":{\"EnforceSSL\":false}},\"6861ca9e-4790-4186-9174-426b9e4cecd0\":{\"CreateDBInstance\":{\"Engine\":\"sqlserver-se\",\"EngineVersion\":\"11.00.6020.0.v1\",\"CopyTagsToSnapshot\":true,\"DBInstanceClass\":\"db.m4.xlarge\",\"AllocatedStorage\":500,\"StorageType\":\"io1\",\"Iops\":3000,\"BackupRetentionPeriod\":7,\"PreferredBackupWindow\":null,\"LicenseModel\":\"license-included\",\"StorageEncrypted\":false,\"PubliclyAccessible\":true},\"CreateUserPrivileges\":{\"EnforceSSL\":false}},\"d4bc39fd-091a-4ed6-bec6-af16e6c96aca\":{\"CreateDBInstance\":{\"Engine\":\"oracle-se2\",\"EngineVersion\":\"12.1.0.2.v3\",\"CopyTagsToSnapshot\":true,\"DBInstanceClass\":\"db.t2.micro\",\"MultiAZ\":false,\"AllocatedStorage\":10,\"StorageType\":\"gp2\",\"Iops\":null,\"BackupRetentionPeriod\":0,\"PreferredBackupWindow\":null,\"LicenseModel\":\"bring-your-own-license\",\"StorageEncrypted\":false,\"PubliclyAccessible\":true}},\"ecd5277a-6a21-4f6b-a588-7ad220ab5dee\":{\"CreateDBInstance\":{\"Engine\":\"oracle-se2\",\"EngineVersion\":\"12.1.0.2.v3\",\"CopyTagsToSnapshot\":true,\"DBInstanceClass\":\"db.m4.large\",\"MultiAZ\":true,\"AllocatedStorage\":100,\"StorageType\":\"io1\",\"Iops\":1000,\"BackupRetentionPeriod\":7,\"PreferredBackupWindow\":null,\"LicenseModel\":\"bring-your-own-license\",\"StorageEncrypted\":false,\"PubliclyAccessible\":true}},\"9d54f3ee-4130-474e-893f-ea094db5d415\":{\"CreateDBInstance\":{\"Engine\":\"oracle-se2\",\"EngineVersion\":\"12.1.0.2.v3\",\"CopyTagsToSnapshot\":true,\"DBInstanceClass\":\"db.m4.xlarge\",\"MultiAZ\":true,\"AllocatedStorage\":200,\"StorageType\":\"io1\",\"Iops\":1000,\"BackupRetentionPeriod\":7,\"PreferredBackupWindow\":null,\"LicenseModel\":\"bring-your-own-license\",\"StorageEncrypted\":false,\"PubliclyAccessible\":true}},\"8cc5463b-7a7f-4807-8982-82a61686a1ec\":{\"CreateDBInstance\":{\"Engine\":\"oracle-ee\",\"EngineVersion\":\"12.1.0.2.v3\",\"CopyTagsToSnapshot\":true,\"DBInstanceClass\":\"db.m4.2xlarge\",\"MultiAZ\":true,\"AllocatedStorage\":500,\"StorageType\":\"io1\",\"Iops\":3000,\"BackupRetentionPeriod\":7,\"PreferredBackupWindow\":null,\"LicenseModel\":\"bring-your-own-license\",\"StorageEncrypted\":false,\"PubliclyAccessible\":true}}}}\n",
					"S3_CONFIG": "{\"ServiceKeyPolicyName\":\"PCFAppDeveloperPolicy-s3\",\"Services\":[{\"id\":\"11f8d08e-ad8d-410b-af04-eb9d44e93ee9\",\"description\":\"Create and manage Amazon S3 buckets\",\"bindable\":true,\"name\":\"aws-s3\",\"public\":true,\"metadata\":{\"displayName\":\"Amazon Simple Storage Service (S3)\",\"providerDisplayName\":\"Amazon Web Services, Inc.\",\"documentationUrl\":\"https://aws.amazon.com/s3/\",\"longDescription\":\"Amazon Simple Storage Service (Amazon S3), provides developers and IT teams with secure, durable, highly-scalable cloud storage.\\n\"},\"plans\":[{\"id\":\"41eb6b25-07eb-432c-83e9-8aa3dbc9b632\",\"name\":\"standard\",\"description\":\"Amazon Simple Storage Service is storage for the Internet.\",\"free\":false,\"bullets\":\"Secure\\nDurable\\nHighly-scalable\\n\"}]}],\"ServiceProperties\":{\"11f8d08e-ad8d-410b-af04-eb9d44e93ee9\":{\"DefaultRegion\":\"ap-southeast-1\",\"InstancePrefix\":\"cf\"}},\"PlanProperties\":{\"41eb6b25-07eb-432c-83e9-8aa3dbc9b632\":{\"CreateBucket\":{}}}}\n",
					"SERVER_CONFIG": "{\"Store\":{\"Driver\":\"p-mysql\",\"PlanName\":\"100mb\",\"ServiceName\":\"aws-service-broker-db\"},\"LogLevel\":\"DEBUG\",\"Quotas\":{\"e918906a-1ed7-438e-8df0-ed060a8f4b9f\":0,\"04934693-309a-4dcf-bd28-72613fcdb377\":0,\"ac8201a7-4e5d-4677-95ff-9cbc9dd392f4\":0,\"c83034ff-90b7-4f72-9d67-4fffe7647181\":0,\"c73f3d57-59b7-4b1c-9ddd-7b157dff0458\":0,\"1525d320-47b2-431b-a4ec-f85c3a9e6f05\":0,\"d28dafff-164b-4688-9385-2884b69585c3\":0,\"11f8d08e-ad8d-410b-af04-eb9d44e93ee9\":0,\"871da13c-27ba-4b2f-be6e-b8a1f0e40337\":0},\"BrokerUsername\":\"broker\",\"BrokerPassword\":\"LDkEluZrMp-5uMaO-w0fgFKpQsEVLVNy\",\"AWS\":{\"AccessKeyId\":\"AKIAJ7H2A4YTTY5EOL3Q\",\"SecretAccessKey\":\"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\",\"Tags\":{\"_internal\":null,\"aws_broker\":\"AKIAJ7H2A4YTTY5EOL3Q\"},\"DefaultRegion\":\"ap-southeast-1\",\"DefaultAvailabilityZone\":null,\"Endpoint\":null,\"IAMEndpoint\":null,\"CustomCACert\":null}}\n",
					"SQS_CONFIG": "{\"ServiceKeyPolicyName\":\"PCFAppDeveloperPolicy-sqs\",\"Services\":[{\"id\":\"871da13c-27ba-4b2f-be6e-b8a1f0e40337\",\"description\":\"Create and manage Amazon SQS queues\",\"bindable\":true,\"name\":\"aws-sqs\",\"public\":true,\"metadata\":{\"displayName\":\"Amazon Simple Queue Service (SQS)\",\"providerDisplayName\":\"Amazon Web Services, Inc.\",\"documentationUrl\":\"https://aws.amazon.com/sqs/\",\"longDescription\":\"Amazon Simple Queue Service (SQS) is a fast, reliable, scalable, fully managed message queuing service.\\n\"},\"plans\":[{\"id\":\"7b350ffd-7c5d-40a7-96f9-54c170b1178e\",\"name\":\"standard\",\"description\":\"Amazon Simple Queue Service\",\"free\":false,\"bullets\":null}]}],\"ServiceProperties\":{\"871da13c-27ba-4b2f-be6e-b8a1f0e40337\":{\"DefaultRegion\":\"ap-southeast-1\",\"InstancePrefix\":\"cf\"}},\"PlanProperties\":{\"7b350ffd-7c5d-40a7-96f9-54c170b1178e\":{\"CreateQueue\":{\"Attributes\":{\"DelaySeconds\":\"0\",\"MaximumMessageSize\":\"262144\",\"MessageRetentionPeriod\":\"345600\",\"ReceiveMessageWaitTimeSeconds\":\"0\",\"RedrivePolicy\":\"\",\"VisibilityTimeout\":\"30\"}}}}}\n"
				},
				"memory": 64,
				"instances": 2,
				"disk_quota": 1024,
				"state": "STARTED",
				"version": "6b8635b9-163e-41d3-88b6-95543aa1673e",
				"command": "bin/aws-services-broker",
				"console": false,
				"debug": null,
				"staging_task_id": "dce95b90-3b9c-4329-ac2b-557f9b8c2040",
				"package_state": "STAGED",
				"health_check_type": "port",
				"health_check_timeout": 180,
				"health_check_http_endpoint": null,
				"staging_failed_reason": null,
				"staging_failed_description": null,
				"diego": true,
				"docker_image": null,
				"package_updated_at": "2017-06-22T12:27:43Z",
				"detected_start_command": "aws-services-broker",
				"enable_ssh": true,
				"docker_credentials_json": {
					"redacted_message": "[PRIVATE DATA HIDDEN]"
				},
				"ports": [
					8080
				],
				"space_url": "/v2/spaces/b2a35bc1-4335-4486-88c7-7d411a3e414a",
				"stack_url": "/v2/stacks/07587a8f-1de5-4153-906b-b67d02ff5da5",
				"routes_url": "/v2/apps/f0327e1b-48f3-4c1b-870b-d510e672fef9/routes",
				"events_url": "/v2/apps/f0327e1b-48f3-4c1b-870b-d510e672fef9/events",
				"service_bindings_url": "/v2/apps/f0327e1b-48f3-4c1b-870b-d510e672fef9/service_bindings",
				"route_mappings_url": "/v2/apps/f0327e1b-48f3-4c1b-870b-d510e672fef9/route_mappings"
			}
		}

	]
}