[
    {
        "installation_name": "p-bosh",
        "guid": "p-bosh-ff2509161caff79f8b84",
        "type": "p-bosh",
        "product_version": "1.10.9.0"
    },
    {
        "installation_name": "cf-2fa6d442ae3b944d2de7",
        "guid": "cf-2fa6d442ae3b944d2de7",
        "type": "cf",
        "product_version": "1.10.13-build.5"
    },
    {
        "installation_name": "p-rabbitmq-77b343270003d306daa8",
        "guid": "p-rabbitmq-77b343270003d306daa8",
        "type": "p-rabbitmq",
        "product_version": "1.7.19"
    },
    {
        "installation_name": "Pivotal_Single_Sign-On_Service-32d47eaff5543ecbe515",
        "guid": "Pivotal_Single_Sign-On_Service-32d47eaff5543ecbe515",
        "type": "Pivotal_Single_Sign-On_Service",
        "product_version": "1.4.1"
    },
    {
        "installation_name": "p-windows-runtime-c30cff8772ab09ab6de2",
        "guid": "p-windows-runtime-c30cff8772ab09ab6de2",
        "type": "p-windows-runtime",
        "product_version": "1.10.3-build.2"
    },
    {
        "installation_name": "p-mysql-cba0416ed3f42d3e417b",
        "guid": "p-mysql-cba0416ed3f42d3e417b",
        "type": "p-mysql",
        "product_version": "1.9.4"
    },
    {
        "installation_name": "p-spring-cloud-services-85afa7d113db3be9eba0",
        "guid": "p-spring-cloud-services-85afa7d113db3be9eba0",
        "type": "p-spring-cloud-services",
        "product_version": "1.4.1"
    },
    {
        "installation_name": "aws-services-c77eeb9725cf6b8ac4f4",
        "guid": "aws-services-c77eeb9725cf6b8ac4f4",
        "type": "aws-services",
        "product_version": "1.4.5"
    },
    {
        "installation_name": "pivotal-mysql-a9c7c422cd0c781111bd",
        "guid": "pivotal-mysql-a9c7c422cd0c781111bd",
        "type": "pivotal-mysql",
        "product_version": "2.0.0"
    },
    {
        "installation_name": "p-redis-e109db33e2f4475ae6f5",
        "guid": "p-redis-e109db33e2f4475ae6f5",
        "type": "p-redis",
        "product_version": "1.9.5"
    },
    {
        "installation_name": "concourse-bosh-14c0e03c09b02a8b1fcb",
        "guid": "concourse-bosh-14c0e03c09b02a8b1fcb",
        "type": "concourse-bosh",
        "product_version": "0.0.7"
    }
]