{
    "total_results": 115,
    "total_pages": 3,
    "prev_url": null,
    "next_url": "/v2/organizations?order-direction=asc&page=2&results-per-page=50",
    "resources": [
        {
            "metadata": {
                "guid": "6d8a1821-e49c-4895-b81e-35fe987433f7",
                "url": "/v2/organizations/6d8a1821-e49c-4895-b81e-35fe987433f7",
                "created_at": "2017-06-16T05:59:41Z",
                "updated_at": "2018-01-17T14:01:18Z"
            },
            "entity": {
                "name": "system",
                "billing_enabled": false,
                "quota_definition_guid": "89e6ff4a-c7c6-408c-9896-dfda4c843642",
                "status": "active",
                "default_isolation_segment_guid": null,
                "quota_definition_url": "/v2/quota_definitions/89e6ff4a-c7c6-408c-9896-dfda4c843642",
                "spaces_url": "/v2/organizations/6d8a1821-e49c-4895-b81e-35fe987433f7/spaces",
                "domains_url": "/v2/organizations/6d8a1821-e49c-4895-b81e-35fe987433f7/domains",
                "private_domains_url": "/v2/organizations/6d8a1821-e49c-4895-b81e-35fe987433f7/private_domains",
                "users_url": "/v2/organizations/6d8a1821-e49c-4895-b81e-35fe987433f7/users",
                "managers_url": "/v2/organizations/6d8a1821-e49c-4895-b81e-35fe987433f7/managers",
                "billing_managers_url": "/v2/organizations/6d8a1821-e49c-4895-b81e-35fe987433f7/billing_managers",
                "auditors_url": "/v2/organizations/6d8a1821-e49c-4895-b81e-35fe987433f7/auditors",
                "app_events_url": "/v2/organizations/6d8a1821-e49c-4895-b81e-35fe987433f7/app_events",
                "space_quota_definitions_url": "/v2/organizations/6d8a1821-e49c-4895-b81e-35fe987433f7/space_quota_definitions"
            }
        },
        {
            "metadata": {
                "guid": "8dd2510f-d621-40a9-abae-c88a09114168",
                "url": "/v2/organizations/8dd2510f-d621-40a9-abae-c88a09114168",
                "created_at": "2017-06-19T06:57:20Z",
                "updated_at": "2017-06-19T06:57:20Z"
            },
            "entity": {
                "name": "PAL",
                "billing_enabled": false,
                "quota_definition_guid": "f7951f33-cf55-4dc9-bbdf-7615f606b515",
                "status": "active",
                "default_isolation_segment_guid": null,
                "quota_definition_url": "/v2/quota_definitions/f7951f33-cf55-4dc9-bbdf-7615f606b515",
                "spaces_url": "/v2/organizations/8dd2510f-d621-40a9-abae-c88a09114168/spaces",
                "domains_url": "/v2/organizations/8dd2510f-d621-40a9-abae-c88a09114168/domains",
                "private_domains_url": "/v2/organizations/8dd2510f-d621-40a9-abae-c88a09114168/private_domains",
                "users_url": "/v2/organizations/8dd2510f-d621-40a9-abae-c88a09114168/users",
                "managers_url": "/v2/organizations/8dd2510f-d621-40a9-abae-c88a09114168/managers",
                "billing_managers_url": "/v2/organizations/8dd2510f-d621-40a9-abae-c88a09114168/billing_managers",
                "auditors_url": "/v2/organizations/8dd2510f-d621-40a9-abae-c88a09114168/auditors",
                "app_events_url": "/v2/organizations/8dd2510f-d621-40a9-abae-c88a09114168/app_events",
                "space_quota_definitions_url": "/v2/organizations/8dd2510f-d621-40a9-abae-c88a09114168/space_quota_definitions"
            }
        },
        {
            "metadata": {
                "guid": "6a8de0a4-6c23-4e16-91c7-d09848a44031",
                "url": "/v2/organizations/6a8de0a4-6c23-4e16-91c7-d09848a44031",
                "created_at": "2017-06-19T11:17:27Z",
                "updated_at": "2017-06-19T11:17:27Z"
            },
            "entity": {
                "name": "DEV",
                "billing_enabled": false,
                "quota_definition_guid": "f7951f33-cf55-4dc9-bbdf-7615f606b515",
                "status": "active",
                "default_isolation_segment_guid": null,
                "quota_definition_url": "/v2/quota_definitions/f7951f33-cf55-4dc9-bbdf-7615f606b515",
                "spaces_url": "/v2/organizations/6a8de0a4-6c23-4e16-91c7-d09848a44031/spaces",
                "domains_url": "/v2/organizations/6a8de0a4-6c23-4e16-91c7-d09848a44031/domains",
                "private_domains_url": "/v2/organizations/6a8de0a4-6c23-4e16-91c7-d09848a44031/private_domains",
                "users_url": "/v2/organizations/6a8de0a4-6c23-4e16-91c7-d09848a44031/users",
                "managers_url": "/v2/organizations/6a8de0a4-6c23-4e16-91c7-d09848a44031/managers",
                "billing_managers_url": "/v2/organizations/6a8de0a4-6c23-4e16-91c7-d09848a44031/billing_managers",
                "auditors_url": "/v2/organizations/6a8de0a4-6c23-4e16-91c7-d09848a44031/auditors",
                "app_events_url": "/v2/organizations/6a8de0a4-6c23-4e16-91c7-d09848a44031/app_events",
                "space_quota_definitions_url": "/v2/organizations/6a8de0a4-6c23-4e16-91c7-d09848a44031/space_quota_definitions"
            }
        },
        {
            "metadata": {
                "guid": "fd1952b5-864d-42d7-a11c-ce6128d1719d",
                "url": "/v2/organizations/fd1952b5-864d-42d7-a11c-ce6128d1719d",
                "created_at": "2017-06-20T10:18:44Z",
                "updated_at": "2017-06-20T10:18:44Z"
            },
            "entity": {
                "name": "PCF",
                "billing_enabled": false,
                "quota_definition_guid": "f7951f33-cf55-4dc9-bbdf-7615f606b515",
                "status": "active",
                "default_isolation_segment_guid": null,
                "quota_definition_url": "/v2/quota_definitions/f7951f33-cf55-4dc9-bbdf-7615f606b515",
                "spaces_url": "/v2/organizations/fd1952b5-864d-42d7-a11c-ce6128d1719d/spaces",
                "domains_url": "/v2/organizations/fd1952b5-864d-42d7-a11c-ce6128d1719d/domains",
                "private_domains_url": "/v2/organizations/fd1952b5-864d-42d7-a11c-ce6128d1719d/private_domains",
                "users_url": "/v2/organizations/fd1952b5-864d-42d7-a11c-ce6128d1719d/users",
                "managers_url": "/v2/organizations/fd1952b5-864d-42d7-a11c-ce6128d1719d/managers",
                "billing_managers_url": "/v2/organizations/fd1952b5-864d-42d7-a11c-ce6128d1719d/billing_managers",
                "auditors_url": "/v2/organizations/fd1952b5-864d-42d7-a11c-ce6128d1719d/auditors",
                "app_events_url": "/v2/organizations/fd1952b5-864d-42d7-a11c-ce6128d1719d/app_events",
                "space_quota_definitions_url": "/v2/organizations/fd1952b5-864d-42d7-a11c-ce6128d1719d/space_quota_definitions"
            }
        },
        {
            "metadata": {
                "guid": "01769207-0fea-448b-9473-1ca4d6b1b3bb",
                "url": "/v2/organizations/01769207-0fea-448b-9473-1ca4d6b1b3bb",
                "created_at": "2017-07-04T11:23:31Z",
                "updated_at": "2017-08-02T09:41:14Z"
            },
            "entity": {
                "name": "Cloud Lift",
                "billing_enabled": false,
                "quota_definition_guid": "f7951f33-cf55-4dc9-bbdf-7615f606b515",
                "status": "active",
                "default_isolation_segment_guid": null,
                "quota_definition_url": "/v2/quota_definitions/f7951f33-cf55-4dc9-bbdf-7615f606b515",
                "spaces_url": "/v2/organizations/01769207-0fea-448b-9473-1ca4d6b1b3bb/spaces",
                "domains_url": "/v2/organizations/01769207-0fea-448b-9473-1ca4d6b1b3bb/domains",
                "private_domains_url": "/v2/organizations/01769207-0fea-448b-9473-1ca4d6b1b3bb/private_domains",
                "users_url": "/v2/organizations/01769207-0fea-448b-9473-1ca4d6b1b3bb/users",
                "managers_url": "/v2/organizations/01769207-0fea-448b-9473-1ca4d6b1b3bb/managers",
                "billing_managers_url": "/v2/organizations/01769207-0fea-448b-9473-1ca4d6b1b3bb/billing_managers",
                "auditors_url": "/v2/organizations/01769207-0fea-448b-9473-1ca4d6b1b3bb/auditors",
                "app_events_url": "/v2/organizations/01769207-0fea-448b-9473-1ca4d6b1b3bb/app_events",
                "space_quota_definitions_url": "/v2/organizations/01769207-0fea-448b-9473-1ca4d6b1b3bb/space_quota_definitions"
            }
        },
        {
            "metadata": {
                "guid": "c59a3231-472e-41e1-8f0e-5993bf8da694",
                "url": "/v2/organizations/c59a3231-472e-41e1-8f0e-5993bf8da694",
                "created_at": "2017-07-12T07:49:04Z",
                "updated_at": "2017-07-12T07:49:04Z"
            },
            "entity": {
                "name": "rkumaresan-pal",
                "billing_enabled": false,
                "quota_definition_guid": "f7951f33-cf55-4dc9-bbdf-7615f606b515",
                "status": "active",
                "default_isolation_segment_guid": null,
                "quota_definition_url": "/v2/quota_definitions/f7951f33-cf55-4dc9-bbdf-7615f606b515",
                "spaces_url": "/v2/organizations/c59a3231-472e-41e1-8f0e-5993bf8da694/spaces",
                "domains_url": "/v2/organizations/c59a3231-472e-41e1-8f0e-5993bf8da694/domains",
                "private_domains_url": "/v2/organizations/c59a3231-472e-41e1-8f0e-5993bf8da694/private_domains",
                "users_url": "/v2/organizations/c59a3231-472e-41e1-8f0e-5993bf8da694/users",
                "managers_url": "/v2/organizations/c59a3231-472e-41e1-8f0e-5993bf8da694/managers",
                "billing_managers_url": "/v2/organizations/c59a3231-472e-41e1-8f0e-5993bf8da694/billing_managers",
                "auditors_url": "/v2/organizations/c59a3231-472e-41e1-8f0e-5993bf8da694/auditors",
                "app_events_url": "/v2/organizations/c59a3231-472e-41e1-8f0e-5993bf8da694/app_events",
                "space_quota_definitions_url": "/v2/organizations/c59a3231-472e-41e1-8f0e-5993bf8da694/space_quota_definitions"
            }
        },
        {
            "metadata": {
                "guid": "0b813d07-abce-4c0d-baf3-4888c1f4c294",
                "url": "/v2/organizations/0b813d07-abce-4c0d-baf3-4888c1f4c294",
                "created_at": "2017-07-12T07:49:07Z",
                "updated_at": "2017-07-12T07:49:07Z"
            },
            "entity": {
                "name": "mkarthikeyan-pal",
                "billing_enabled": false,
                "quota_definition_guid": "f7951f33-cf55-4dc9-bbdf-7615f606b515",
                "status": "active",
                "default_isolation_segment_guid": null,
                "quota_definition_url": "/v2/quota_definitions/f7951f33-cf55-4dc9-bbdf-7615f606b515",
                "spaces_url": "/v2/organizations/0b813d07-abce-4c0d-baf3-4888c1f4c294/spaces",
                "domains_url": "/v2/organizations/0b813d07-abce-4c0d-baf3-4888c1f4c294/domains",
                "private_domains_url": "/v2/organizations/0b813d07-abce-4c0d-baf3-4888c1f4c294/private_domains",
                "users_url": "/v2/organizations/0b813d07-abce-4c0d-baf3-4888c1f4c294/users",
                "managers_url": "/v2/organizations/0b813d07-abce-4c0d-baf3-4888c1f4c294/managers",
                "billing_managers_url": "/v2/organizations/0b813d07-abce-4c0d-baf3-4888c1f4c294/billing_managers",
                "auditors_url": "/v2/organizations/0b813d07-abce-4c0d-baf3-4888c1f4c294/auditors",
                "app_events_url": "/v2/organizations/0b813d07-abce-4c0d-baf3-4888c1f4c294/app_events",
                "space_quota_definitions_url": "/v2/organizations/0b813d07-abce-4c0d-baf3-4888c1f4c294/space_quota_definitions"
            }
        },
        {
            "metadata": {
                "guid": "fefaa9e4-a5bc-4b79-87da-18ffb331dc79",
                "url": "/v2/organizations/fefaa9e4-a5bc-4b79-87da-18ffb331dc79",
                "created_at": "2017-07-12T08:17:16Z",
                "updated_at": "2017-07-12T08:17:16Z"
            },
            "entity": {
                "name": "rdhiravidamani-pal",
                "billing_enabled": false,
                "quota_definition_guid": "f7951f33-cf55-4dc9-bbdf-7615f606b515",
                "status": "active",
                "default_isolation_segment_guid": null,
                "quota_definition_url": "/v2/quota_definitions/f7951f33-cf55-4dc9-bbdf-7615f606b515",
                "spaces_url": "/v2/organizations/fefaa9e4-a5bc-4b79-87da-18ffb331dc79/spaces",
                "domains_url": "/v2/organizations/fefaa9e4-a5bc-4b79-87da-18ffb331dc79/domains",
                "private_domains_url": "/v2/organizations/fefaa9e4-a5bc-4b79-87da-18ffb331dc79/private_domains",
                "users_url": "/v2/organizations/fefaa9e4-a5bc-4b79-87da-18ffb331dc79/users",
                "managers_url": "/v2/organizations/fefaa9e4-a5bc-4b79-87da-18ffb331dc79/managers",
                "billing_managers_url": "/v2/organizations/fefaa9e4-a5bc-4b79-87da-18ffb331dc79/billing_managers",
                "auditors_url": "/v2/organizations/fefaa9e4-a5bc-4b79-87da-18ffb331dc79/auditors",
                "app_events_url": "/v2/organizations/fefaa9e4-a5bc-4b79-87da-18ffb331dc79/app_events",
                "space_quota_definitions_url": "/v2/organizations/fefaa9e4-a5bc-4b79-87da-18ffb331dc79/space_quota_definitions"
            }
        },
        {
            "metadata": {
                "guid": "389214c0-c6f5-4fd6-8adf-a4c4a3f3c69e",
                "url": "/v2/organizations/389214c0-c6f5-4fd6-8adf-a4c4a3f3c69e",
                "created_at": "2017-07-12T10:04:15Z",
                "updated_at": "2017-07-12T10:04:15Z"
            },
            "entity": {
                "name": "sraju-pal",
                "billing_enabled": false,
                "quota_definition_guid": "f7951f33-cf55-4dc9-bbdf-7615f606b515",
                "status": "active",
                "default_isolation_segment_guid": null,
                "quota_definition_url": "/v2/quota_definitions/f7951f33-cf55-4dc9-bbdf-7615f606b515",
                "spaces_url": "/v2/organizations/389214c0-c6f5-4fd6-8adf-a4c4a3f3c69e/spaces",
                "domains_url": "/v2/organizations/389214c0-c6f5-4fd6-8adf-a4c4a3f3c69e/domains",
                "private_domains_url": "/v2/organizations/389214c0-c6f5-4fd6-8adf-a4c4a3f3c69e/private_domains",
                "users_url": "/v2/organizations/389214c0-c6f5-4fd6-8adf-a4c4a3f3c69e/users",
                "managers_url": "/v2/organizations/389214c0-c6f5-4fd6-8adf-a4c4a3f3c69e/managers",
                "billing_managers_url": "/v2/organizations/389214c0-c6f5-4fd6-8adf-a4c4a3f3c69e/billing_managers",
                "auditors_url": "/v2/organizations/389214c0-c6f5-4fd6-8adf-a4c4a3f3c69e/auditors",
                "app_events_url": "/v2/organizations/389214c0-c6f5-4fd6-8adf-a4c4a3f3c69e/app_events",
                "space_quota_definitions_url": "/v2/organizations/389214c0-c6f5-4fd6-8adf-a4c4a3f3c69e/space_quota_definitions"
            }
        },
        {
            "metadata": {
                "guid": "b6789b7c-87ba-4c9e-834d-09040e9f8443",
                "url": "/v2/organizations/b6789b7c-87ba-4c9e-834d-09040e9f8443",
                "created_at": "2017-07-12T10:04:18Z",
                "updated_at": "2017-07-12T10:04:18Z"
            },
            "entity": {
                "name": "rkn-pal",
                "billing_enabled": false,
                "quota_definition_guid": "f7951f33-cf55-4dc9-bbdf-7615f606b515",
                "status": "active",
                "default_isolation_segment_guid": null,
                "quota_definition_url": "/v2/quota_definitions/f7951f33-cf55-4dc9-bbdf-7615f606b515",
                "spaces_url": "/v2/organizations/b6789b7c-87ba-4c9e-834d-09040e9f8443/spaces",
                "domains_url": "/v2/organizations/b6789b7c-87ba-4c9e-834d-09040e9f8443/domains",
                "private_domains_url": "/v2/organizations/b6789b7c-87ba-4c9e-834d-09040e9f8443/private_domains",
                "users_url": "/v2/organizations/b6789b7c-87ba-4c9e-834d-09040e9f8443/users",
                "managers_url": "/v2/organizations/b6789b7c-87ba-4c9e-834d-09040e9f8443/managers",
                "billing_managers_url": "/v2/organizations/b6789b7c-87ba-4c9e-834d-09040e9f8443/billing_managers",
                "auditors_url": "/v2/organizations/b6789b7c-87ba-4c9e-834d-09040e9f8443/auditors",
                "app_events_url": "/v2/organizations/b6789b7c-87ba-4c9e-834d-09040e9f8443/app_events",
                "space_quota_definitions_url": "/v2/organizations/b6789b7c-87ba-4c9e-834d-09040e9f8443/space_quota_definitions"
            }
        },
        {
            "metadata": {
                "guid": "25ab043f-0356-4e61-94dc-15d882fd9b1d",
                "url": "/v2/organizations/25ab043f-0356-4e61-94dc-15d882fd9b1d",
                "created_at": "2017-07-12T10:04:21Z",
                "updated_at": "2017-07-12T10:04:21Z"
            },
            "entity": {
                "name": "abhattacharya-pal",
                "billing_enabled": false,
                "quota_definition_guid": "f7951f33-cf55-4dc9-bbdf-7615f606b515",
                "status": "active",
                "default_isolation_segment_guid": null,
                "quota_definition_url": "/v2/quota_definitions/f7951f33-cf55-4dc9-bbdf-7615f606b515",
                "spaces_url": "/v2/organizations/25ab043f-0356-4e61-94dc-15d882fd9b1d/spaces",
                "domains_url": "/v2/organizations/25ab043f-0356-4e61-94dc-15d882fd9b1d/domains",
                "private_domains_url": "/v2/organizations/25ab043f-0356-4e61-94dc-15d882fd9b1d/private_domains",
                "users_url": "/v2/organizations/25ab043f-0356-4e61-94dc-15d882fd9b1d/users",
                "managers_url": "/v2/organizations/25ab043f-0356-4e61-94dc-15d882fd9b1d/managers",
                "billing_managers_url": "/v2/organizations/25ab043f-0356-4e61-94dc-15d882fd9b1d/billing_managers",
                "auditors_url": "/v2/organizations/25ab043f-0356-4e61-94dc-15d882fd9b1d/auditors",
                "app_events_url": "/v2/organizations/25ab043f-0356-4e61-94dc-15d882fd9b1d/app_events",
                "space_quota_definitions_url": "/v2/organizations/25ab043f-0356-4e61-94dc-15d882fd9b1d/space_quota_definitions"
            }
        },
        {
            "metadata": {
                "guid": "a1ee857a-f9d1-4fbc-9094-6700e14c0bf1",
                "url": "/v2/organizations/a1ee857a-f9d1-4fbc-9094-6700e14c0bf1",
                "created_at": "2017-07-12T10:04:24Z",
                "updated_at": "2017-07-12T10:04:24Z"
            },
            "entity": {
                "name": "rramadass-pal",
                "billing_enabled": false,
                "quota_definition_guid": "f7951f33-cf55-4dc9-bbdf-7615f606b515",
                "status": "active",
                "default_isolation_segment_guid": null,
                "quota_definition_url": "/v2/quota_definitions/f7951f33-cf55-4dc9-bbdf-7615f606b515",
                "spaces_url": "/v2/organizations/a1ee857a-f9d1-4fbc-9094-6700e14c0bf1/spaces",
                "domains_url": "/v2/organizations/a1ee857a-f9d1-4fbc-9094-6700e14c0bf1/domains",
                "private_domains_url": "/v2/organizations/a1ee857a-f9d1-4fbc-9094-6700e14c0bf1/private_domains",
                "users_url": "/v2/organizations/a1ee857a-f9d1-4fbc-9094-6700e14c0bf1/users",
                "managers_url": "/v2/organizations/a1ee857a-f9d1-4fbc-9094-6700e14c0bf1/managers",
                "billing_managers_url": "/v2/organizations/a1ee857a-f9d1-4fbc-9094-6700e14c0bf1/billing_managers",
                "auditors_url": "/v2/organizations/a1ee857a-f9d1-4fbc-9094-6700e14c0bf1/auditors",
                "app_events_url": "/v2/organizations/a1ee857a-f9d1-4fbc-9094-6700e14c0bf1/app_events",
                "space_quota_definitions_url": "/v2/organizations/a1ee857a-f9d1-4fbc-9094-6700e14c0bf1/space_quota_definitions"
            }
        },
        {
            "metadata": {
                "guid": "86b2a424-1ac2-4a93-b92a-03ba5f19185d",
                "url": "/v2/organizations/86b2a424-1ac2-4a93-b92a-03ba5f19185d",
                "created_at": "2017-07-12T10:04:27Z",
                "updated_at": "2017-07-12T10:04:27Z"
            },
            "entity": {
                "name": "ka-pal",
                "billing_enabled": false,
                "quota_definition_guid": "f7951f33-cf55-4dc9-bbdf-7615f606b515",
                "status": "active",
                "default_isolation_segment_guid": null,
                "quota_definition_url": "/v2/quota_definitions/f7951f33-cf55-4dc9-bbdf-7615f606b515",
                "spaces_url": "/v2/organizations/86b2a424-1ac2-4a93-b92a-03ba5f19185d/spaces",
                "domains_url": "/v2/organizations/86b2a424-1ac2-4a93-b92a-03ba5f19185d/domains",
                "private_domains_url": "/v2/organizations/86b2a424-1ac2-4a93-b92a-03ba5f19185d/private_domains",
                "users_url": "/v2/organizations/86b2a424-1ac2-4a93-b92a-03ba5f19185d/users",
                "managers_url": "/v2/organizations/86b2a424-1ac2-4a93-b92a-03ba5f19185d/managers",
                "billing_managers_url": "/v2/organizations/86b2a424-1ac2-4a93-b92a-03ba5f19185d/billing_managers",
                "auditors_url": "/v2/organizations/86b2a424-1ac2-4a93-b92a-03ba5f19185d/auditors",
                "app_events_url": "/v2/organizations/86b2a424-1ac2-4a93-b92a-03ba5f19185d/app_events",
                "space_quota_definitions_url": "/v2/organizations/86b2a424-1ac2-4a93-b92a-03ba5f19185d/space_quota_definitions"
            }
        },
        {
            "metadata": {
                "guid": "a75b92f4-87f9-4794-8ff7-dc360f952902",
                "url": "/v2/organizations/a75b92f4-87f9-4794-8ff7-dc360f952902",
                "created_at": "2017-07-12T10:04:30Z",
                "updated_at": "2017-07-12T10:04:30Z"
            },
            "entity": {
                "name": "ajegadeesan-pal",
                "billing_enabled": false,
                "quota_definition_guid": "f7951f33-cf55-4dc9-bbdf-7615f606b515",
                "status": "active",
                "default_isolation_segment_guid": null,
                "quota_definition_url": "/v2/quota_definitions/f7951f33-cf55-4dc9-bbdf-7615f606b515",
                "spaces_url": "/v2/organizations/a75b92f4-87f9-4794-8ff7-dc360f952902/spaces",
                "domains_url": "/v2/organizations/a75b92f4-87f9-4794-8ff7-dc360f952902/domains",
                "private_domains_url": "/v2/organizations/a75b92f4-87f9-4794-8ff7-dc360f952902/private_domains",
                "users_url": "/v2/organizations/a75b92f4-87f9-4794-8ff7-dc360f952902/users",
                "managers_url": "/v2/organizations/a75b92f4-87f9-4794-8ff7-dc360f952902/managers",
                "billing_managers_url": "/v2/organizations/a75b92f4-87f9-4794-8ff7-dc360f952902/billing_managers",
                "auditors_url": "/v2/organizations/a75b92f4-87f9-4794-8ff7-dc360f952902/auditors",
                "app_events_url": "/v2/organizations/a75b92f4-87f9-4794-8ff7-dc360f952902/app_events",
                "space_quota_definitions_url": "/v2/organizations/a75b92f4-87f9-4794-8ff7-dc360f952902/space_quota_definitions"
            }
        },
        {
            "metadata": {
                "guid": "ea40a389-107b-4f12-b0a5-e04151972b7c",
                "url": "/v2/organizations/ea40a389-107b-4f12-b0a5-e04151972b7c",
                "created_at": "2017-07-12T10:04:34Z",
                "updated_at": "2017-07-12T10:04:34Z"
            },
            "entity": {
                "name": "sneethirajan-pal",
                "billing_enabled": false,
                "quota_definition_guid": "f7951f33-cf55-4dc9-bbdf-7615f606b515",
                "status": "active",
                "default_isolation_segment_guid": null,
                "quota_definition_url": "/v2/quota_definitions/f7951f33-cf55-4dc9-bbdf-7615f606b515",
                "spaces_url": "/v2/organizations/ea40a389-107b-4f12-b0a5-e04151972b7c/spaces",
                "domains_url": "/v2/organizations/ea40a389-107b-4f12-b0a5-e04151972b7c/domains",
                "private_domains_url": "/v2/organizations/ea40a389-107b-4f12-b0a5-e04151972b7c/private_domains",
                "users_url": "/v2/organizations/ea40a389-107b-4f12-b0a5-e04151972b7c/users",
                "managers_url": "/v2/organizations/ea40a389-107b-4f12-b0a5-e04151972b7c/managers",
                "billing_managers_url": "/v2/organizations/ea40a389-107b-4f12-b0a5-e04151972b7c/billing_managers",
                "auditors_url": "/v2/organizations/ea40a389-107b-4f12-b0a5-e04151972b7c/auditors",
                "app_events_url": "/v2/organizations/ea40a389-107b-4f12-b0a5-e04151972b7c/app_events",
                "space_quota_definitions_url": "/v2/organizations/ea40a389-107b-4f12-b0a5-e04151972b7c/space_quota_definitions"
            }
        },
        {
            "metadata": {
                "guid": "38521a28-0697-4868-a217-6f2fdf3b598e",
                "url": "/v2/organizations/38521a28-0697-4868-a217-6f2fdf3b598e",
                "created_at": "2017-07-12T10:04:37Z",
                "updated_at": "2017-07-12T10:04:37Z"
            },
            "entity": {
                "name": "skrishna-pal",
                "billing_enabled": false,
                "quota_definition_guid": "f7951f33-cf55-4dc9-bbdf-7615f606b515",
                "status": "active",
                "default_isolation_segment_guid": null,
                "quota_definition_url": "/v2/quota_definitions/f7951f33-cf55-4dc9-bbdf-7615f606b515",
                "spaces_url": "/v2/organizations/38521a28-0697-4868-a217-6f2fdf3b598e/spaces",
                "domains_url": "/v2/organizations/38521a28-0697-4868-a217-6f2fdf3b598e/domains",
                "private_domains_url": "/v2/organizations/38521a28-0697-4868-a217-6f2fdf3b598e/private_domains",
                "users_url": "/v2/organizations/38521a28-0697-4868-a217-6f2fdf3b598e/users",
                "managers_url": "/v2/organizations/38521a28-0697-4868-a217-6f2fdf3b598e/managers",
                "billing_managers_url": "/v2/organizations/38521a28-0697-4868-a217-6f2fdf3b598e/billing_managers",
                "auditors_url": "/v2/organizations/38521a28-0697-4868-a217-6f2fdf3b598e/auditors",
                "app_events_url": "/v2/organizations/38521a28-0697-4868-a217-6f2fdf3b598e/app_events",
                "space_quota_definitions_url": "/v2/organizations/38521a28-0697-4868-a217-6f2fdf3b598e/space_quota_definitions"
            }
        },
        {
            "metadata": {
                "guid": "505725d8-c499-421e-a0d8-24c61261de30",
                "url": "/v2/organizations/505725d8-c499-421e-a0d8-24c61261de30",
                "created_at": "2017-07-12T10:04:40Z",
                "updated_at": "2017-07-12T10:04:40Z"
            },
            "entity": {
                "name": "rmathur-pal",
                "billing_enabled": false,
                "quota_definition_guid": "f7951f33-cf55-4dc9-bbdf-7615f606b515",
                "status": "active",
                "default_isolation_segment_guid": null,
                "quota_definition_url": "/v2/quota_definitions/f7951f33-cf55-4dc9-bbdf-7615f606b515",
                "spaces_url": "/v2/organizations/505725d8-c499-421e-a0d8-24c61261de30/spaces",
                "domains_url": "/v2/organizations/505725d8-c499-421e-a0d8-24c61261de30/domains",
                "private_domains_url": "/v2/organizations/505725d8-c499-421e-a0d8-24c61261de30/private_domains",
                "users_url": "/v2/organizations/505725d8-c499-421e-a0d8-24c61261de30/users",
                "managers_url": "/v2/organizations/505725d8-c499-421e-a0d8-24c61261de30/managers",
                "billing_managers_url": "/v2/organizations/505725d8-c499-421e-a0d8-24c61261de30/billing_managers",
                "auditors_url": "/v2/organizations/505725d8-c499-421e-a0d8-24c61261de30/auditors",
                "app_events_url": "/v2/organizations/505725d8-c499-421e-a0d8-24c61261de30/app_events",
                "space_quota_definitions_url": "/v2/organizations/505725d8-c499-421e-a0d8-24c61261de30/space_quota_definitions"
            }
        },
        {
            "metadata": {
                "guid": "aac20047-038b-4b72-b7a8-f239887ff3e8",
                "url": "/v2/organizations/aac20047-038b-4b72-b7a8-f239887ff3e8",
                "created_at": "2017-07-12T10:04:43Z",
                "updated_at": "2017-07-12T10:04:43Z"
            },
            "entity": {
                "name": "dswain-pal",
                "billing_enabled": false,
                "quota_definition_guid": "f7951f33-cf55-4dc9-bbdf-7615f606b515",
                "status": "active",
                "default_isolation_segment_guid": null,
                "quota_definition_url": "/v2/quota_definitions/f7951f33-cf55-4dc9-bbdf-7615f606b515",
                "spaces_url": "/v2/organizations/aac20047-038b-4b72-b7a8-f239887ff3e8/spaces",
                "domains_url": "/v2/organizations/aac20047-038b-4b72-b7a8-f239887ff3e8/domains",
                "private_domains_url": "/v2/organizations/aac20047-038b-4b72-b7a8-f239887ff3e8/private_domains",
                "users_url": "/v2/organizations/aac20047-038b-4b72-b7a8-f239887ff3e8/users",
                "managers_url": "/v2/organizations/aac20047-038b-4b72-b7a8-f239887ff3e8/managers",
                "billing_managers_url": "/v2/organizations/aac20047-038b-4b72-b7a8-f239887ff3e8/billing_managers",
                "auditors_url": "/v2/organizations/aac20047-038b-4b72-b7a8-f239887ff3e8/auditors",
                "app_events_url": "/v2/organizations/aac20047-038b-4b72-b7a8-f239887ff3e8/app_events",
                "space_quota_definitions_url": "/v2/organizations/aac20047-038b-4b72-b7a8-f239887ff3e8/space_quota_definitions"
            }
        },
        {
            "metadata": {
                "guid": "164acf25-2389-4443-ab75-801db234c833",
                "url": "/v2/organizations/164acf25-2389-4443-ab75-801db234c833",
                "created_at": "2017-07-12T10:04:46Z",
                "updated_at": "2017-07-12T10:04:46Z"
            },
            "entity": {
                "name": "pnikam-pal",
                "billing_enabled": false,
                "quota_definition_guid": "f7951f33-cf55-4dc9-bbdf-7615f606b515",
                "status": "active",
                "default_isolation_segment_guid": null,
                "quota_definition_url": "/v2/quota_definitions/f7951f33-cf55-4dc9-bbdf-7615f606b515",
                "spaces_url": "/v2/organizations/164acf25-2389-4443-ab75-801db234c833/spaces",
                "domains_url": "/v2/organizations/164acf25-2389-4443-ab75-801db234c833/domains",
                "private_domains_url": "/v2/organizations/164acf25-2389-4443-ab75-801db234c833/private_domains",
                "users_url": "/v2/organizations/164acf25-2389-4443-ab75-801db234c833/users",
                "managers_url": "/v2/organizations/164acf25-2389-4443-ab75-801db234c833/managers",
                "billing_managers_url": "/v2/organizations/164acf25-2389-4443-ab75-801db234c833/billing_managers",
                "auditors_url": "/v2/organizations/164acf25-2389-4443-ab75-801db234c833/auditors",
                "app_events_url": "/v2/organizations/164acf25-2389-4443-ab75-801db234c833/app_events",
                "space_quota_definitions_url": "/v2/organizations/164acf25-2389-4443-ab75-801db234c833/space_quota_definitions"
            }
        },
        {
            "metadata": {
                "guid": "e354ebdb-75f4-4277-b528-358c56600ecc",
                "url": "/v2/organizations/e354ebdb-75f4-4277-b528-358c56600ecc",
                "created_at": "2017-07-12T10:04:49Z",
                "updated_at": "2017-07-12T10:04:49Z"
            },
            "entity": {
                "name": "gkulkarni-pal",
                "billing_enabled": false,
                "quota_definition_guid": "f7951f33-cf55-4dc9-bbdf-7615f606b515",
                "status": "active",
                "default_isolation_segment_guid": null,
                "quota_definition_url": "/v2/quota_definitions/f7951f33-cf55-4dc9-bbdf-7615f606b515",
                "spaces_url": "/v2/organizations/e354ebdb-75f4-4277-b528-358c56600ecc/spaces",
                "domains_url": "/v2/organizations/e354ebdb-75f4-4277-b528-358c56600ecc/domains",
                "private_domains_url": "/v2/organizations/e354ebdb-75f4-4277-b528-358c56600ecc/private_domains",
                "users_url": "/v2/organizations/e354ebdb-75f4-4277-b528-358c56600ecc/users",
                "managers_url": "/v2/organizations/e354ebdb-75f4-4277-b528-358c56600ecc/managers",
                "billing_managers_url": "/v2/organizations/e354ebdb-75f4-4277-b528-358c56600ecc/billing_managers",
                "auditors_url": "/v2/organizations/e354ebdb-75f4-4277-b528-358c56600ecc/auditors",
                "app_events_url": "/v2/organizations/e354ebdb-75f4-4277-b528-358c56600ecc/app_events",
                "space_quota_definitions_url": "/v2/organizations/e354ebdb-75f4-4277-b528-358c56600ecc/space_quota_definitions"
            }
        },
        {
            "metadata": {
                "guid": "1730b0e5-79fa-46bd-8d1a-f8e36609a899",
                "url": "/v2/organizations/1730b0e5-79fa-46bd-8d1a-f8e36609a899",
                "created_at": "2017-07-12T10:04:52Z",
                "updated_at": "2017-07-12T10:04:52Z"
            },
            "entity": {
                "name": "sbotta-pal",
                "billing_enabled": false,
                "quota_definition_guid": "f7951f33-cf55-4dc9-bbdf-7615f606b515",
                "status": "active",
                "default_isolation_segment_guid": null,
                "quota_definition_url": "/v2/quota_definitions/f7951f33-cf55-4dc9-bbdf-7615f606b515",
                "spaces_url": "/v2/organizations/1730b0e5-79fa-46bd-8d1a-f8e36609a899/spaces",
                "domains_url": "/v2/organizations/1730b0e5-79fa-46bd-8d1a-f8e36609a899/domains",
                "private_domains_url": "/v2/organizations/1730b0e5-79fa-46bd-8d1a-f8e36609a899/private_domains",
                "users_url": "/v2/organizations/1730b0e5-79fa-46bd-8d1a-f8e36609a899/users",
                "managers_url": "/v2/organizations/1730b0e5-79fa-46bd-8d1a-f8e36609a899/managers",
                "billing_managers_url": "/v2/organizations/1730b0e5-79fa-46bd-8d1a-f8e36609a899/billing_managers",
                "auditors_url": "/v2/organizations/1730b0e5-79fa-46bd-8d1a-f8e36609a899/auditors",
                "app_events_url": "/v2/organizations/1730b0e5-79fa-46bd-8d1a-f8e36609a899/app_events",
                "space_quota_definitions_url": "/v2/organizations/1730b0e5-79fa-46bd-8d1a-f8e36609a899/space_quota_definitions"
            }
        },
        {
            "metadata": {
                "guid": "44dd86dd-a506-486a-9d69-ecb891590657",
                "url": "/v2/organizations/44dd86dd-a506-486a-9d69-ecb891590657",
                "created_at": "2017-07-14T06:09:30Z",
                "updated_at": "2017-07-14T06:09:30Z"
            },
            "entity": {
                "name": "gvenkateswaran-pal",
                "billing_enabled": false,
                "quota_definition_guid": "f7951f33-cf55-4dc9-bbdf-7615f606b515",
                "status": "active",
                "default_isolation_segment_guid": null,
                "quota_definition_url": "/v2/quota_definitions/f7951f33-cf55-4dc9-bbdf-7615f606b515",
                "spaces_url": "/v2/organizations/44dd86dd-a506-486a-9d69-ecb891590657/spaces",
                "domains_url": "/v2/organizations/44dd86dd-a506-486a-9d69-ecb891590657/domains",
                "private_domains_url": "/v2/organizations/44dd86dd-a506-486a-9d69-ecb891590657/private_domains",
                "users_url": "/v2/organizations/44dd86dd-a506-486a-9d69-ecb891590657/users",
                "managers_url": "/v2/organizations/44dd86dd-a506-486a-9d69-ecb891590657/managers",
                "billing_managers_url": "/v2/organizations/44dd86dd-a506-486a-9d69-ecb891590657/billing_managers",
                "auditors_url": "/v2/organizations/44dd86dd-a506-486a-9d69-ecb891590657/auditors",
                "app_events_url": "/v2/organizations/44dd86dd-a506-486a-9d69-ecb891590657/app_events",
                "space_quota_definitions_url": "/v2/organizations/44dd86dd-a506-486a-9d69-ecb891590657/space_quota_definitions"
            }
        },
        {
            "metadata": {
                "guid": "ac1bb29d-a00b-4155-93a2-f3bf64daaa91",
                "url": "/v2/organizations/ac1bb29d-a00b-4155-93a2-f3bf64daaa91",
                "created_at": "2017-07-17T11:27:39Z",
                "updated_at": "2017-07-17T11:31:41Z"
            },
            "entity": {
                "name": "mycts-org",
                "billing_enabled": false,
                "quota_definition_guid": "f7951f33-cf55-4dc9-bbdf-7615f606b515",
                "status": "active",
                "default_isolation_segment_guid": null,
                "quota_definition_url": "/v2/quota_definitions/f7951f33-cf55-4dc9-bbdf-7615f606b515",
                "spaces_url": "/v2/organizations/ac1bb29d-a00b-4155-93a2-f3bf64daaa91/spaces",
                "domains_url": "/v2/organizations/ac1bb29d-a00b-4155-93a2-f3bf64daaa91/domains",
                "private_domains_url": "/v2/organizations/ac1bb29d-a00b-4155-93a2-f3bf64daaa91/private_domains",
                "users_url": "/v2/organizations/ac1bb29d-a00b-4155-93a2-f3bf64daaa91/users",
                "managers_url": "/v2/organizations/ac1bb29d-a00b-4155-93a2-f3bf64daaa91/managers",
                "billing_managers_url": "/v2/organizations/ac1bb29d-a00b-4155-93a2-f3bf64daaa91/billing_managers",
                "auditors_url": "/v2/organizations/ac1bb29d-a00b-4155-93a2-f3bf64daaa91/auditors",
                "app_events_url": "/v2/organizations/ac1bb29d-a00b-4155-93a2-f3bf64daaa91/app_events",
                "space_quota_definitions_url": "/v2/organizations/ac1bb29d-a00b-4155-93a2-f3bf64daaa91/space_quota_definitions"
            }
        },
        {
            "metadata": {
                "guid": "b2123c29-85da-44d6-9c52-375949d8856d",
                "url": "/v2/organizations/b2123c29-85da-44d6-9c52-375949d8856d",
                "created_at": "2017-07-19T08:31:00Z",
                "updated_at": "2017-07-19T08:31:00Z"
            },
            "entity": {
                "name": "venkat-org",
                "billing_enabled": false,
                "quota_definition_guid": "f7951f33-cf55-4dc9-bbdf-7615f606b515",
                "status": "active",
                "default_isolation_segment_guid": null,
                "quota_definition_url": "/v2/quota_definitions/f7951f33-cf55-4dc9-bbdf-7615f606b515",
                "spaces_url": "/v2/organizations/b2123c29-85da-44d6-9c52-375949d8856d/spaces",
                "domains_url": "/v2/organizations/b2123c29-85da-44d6-9c52-375949d8856d/domains",
                "private_domains_url": "/v2/organizations/b2123c29-85da-44d6-9c52-375949d8856d/private_domains",
                "users_url": "/v2/organizations/b2123c29-85da-44d6-9c52-375949d8856d/users",
                "managers_url": "/v2/organizations/b2123c29-85da-44d6-9c52-375949d8856d/managers",
                "billing_managers_url": "/v2/organizations/b2123c29-85da-44d6-9c52-375949d8856d/billing_managers",
                "auditors_url": "/v2/organizations/b2123c29-85da-44d6-9c52-375949d8856d/auditors",
                "app_events_url": "/v2/organizations/b2123c29-85da-44d6-9c52-375949d8856d/app_events",
                "space_quota_definitions_url": "/v2/organizations/b2123c29-85da-44d6-9c52-375949d8856d/space_quota_definitions"
            }
        },
        {
            "metadata": {
                "guid": "6df57f08-650e-4c20-a1a3-c23ac20b9d7f",
                "url": "/v2/organizations/6df57f08-650e-4c20-a1a3-c23ac20b9d7f",
                "created_at": "2017-07-20T19:11:47Z",
                "updated_at": "2017-07-20T19:11:47Z"
            },
            "entity": {
                "name": "GTO_SEA",
                "billing_enabled": false,
                "quota_definition_guid": "f7951f33-cf55-4dc9-bbdf-7615f606b515",
                "status": "active",
                "default_isolation_segment_guid": null,
                "quota_definition_url": "/v2/quota_definitions/f7951f33-cf55-4dc9-bbdf-7615f606b515",
                "spaces_url": "/v2/organizations/6df57f08-650e-4c20-a1a3-c23ac20b9d7f/spaces",
                "domains_url": "/v2/organizations/6df57f08-650e-4c20-a1a3-c23ac20b9d7f/domains",
                "private_domains_url": "/v2/organizations/6df57f08-650e-4c20-a1a3-c23ac20b9d7f/private_domains",
                "users_url": "/v2/organizations/6df57f08-650e-4c20-a1a3-c23ac20b9d7f/users",
                "managers_url": "/v2/organizations/6df57f08-650e-4c20-a1a3-c23ac20b9d7f/managers",
                "billing_managers_url": "/v2/organizations/6df57f08-650e-4c20-a1a3-c23ac20b9d7f/billing_managers",
                "auditors_url": "/v2/organizations/6df57f08-650e-4c20-a1a3-c23ac20b9d7f/auditors",
                "app_events_url": "/v2/organizations/6df57f08-650e-4c20-a1a3-c23ac20b9d7f/app_events",
                "space_quota_definitions_url": "/v2/organizations/6df57f08-650e-4c20-a1a3-c23ac20b9d7f/space_quota_definitions"
            }
        },
        {
            "metadata": {
                "guid": "bb83719a-d153-4c8a-9d8b-10ba602539a5",
                "url": "/v2/organizations/bb83719a-d153-4c8a-9d8b-10ba602539a5",
                "created_at": "2017-08-17T08:59:22Z",
                "updated_at": "2017-08-17T08:59:22Z"
            },
            "entity": {
                "name": "SkyLight",
                "billing_enabled": false,
                "quota_definition_guid": "f7951f33-cf55-4dc9-bbdf-7615f606b515",
                "status": "active",
                "default_isolation_segment_guid": null,
                "quota_definition_url": "/v2/quota_definitions/f7951f33-cf55-4dc9-bbdf-7615f606b515",
                "spaces_url": "/v2/organizations/bb83719a-d153-4c8a-9d8b-10ba602539a5/spaces",
                "domains_url": "/v2/organizations/bb83719a-d153-4c8a-9d8b-10ba602539a5/domains",
                "private_domains_url": "/v2/organizations/bb83719a-d153-4c8a-9d8b-10ba602539a5/private_domains",
                "users_url": "/v2/organizations/bb83719a-d153-4c8a-9d8b-10ba602539a5/users",
                "managers_url": "/v2/organizations/bb83719a-d153-4c8a-9d8b-10ba602539a5/managers",
                "billing_managers_url": "/v2/organizations/bb83719a-d153-4c8a-9d8b-10ba602539a5/billing_managers",
                "auditors_url": "/v2/organizations/bb83719a-d153-4c8a-9d8b-10ba602539a5/auditors",
                "app_events_url": "/v2/organizations/bb83719a-d153-4c8a-9d8b-10ba602539a5/app_events",
                "space_quota_definitions_url": "/v2/organizations/bb83719a-d153-4c8a-9d8b-10ba602539a5/space_quota_definitions"
            }
        },
        {
            "metadata": {
                "guid": "5574495b-d55a-4074-9058-5d53f9f58055",
                "url": "/v2/organizations/5574495b-d55a-4074-9058-5d53f9f58055",
                "created_at": "2017-08-18T05:51:35Z",
                "updated_at": "2017-08-18T05:51:35Z"
            },
            "entity": {
                "name": "bphanikumar-pal",
                "billing_enabled": false,
                "quota_definition_guid": "f7951f33-cf55-4dc9-bbdf-7615f606b515",
                "status": "active",
                "default_isolation_segment_guid": null,
                "quota_definition_url": "/v2/quota_definitions/f7951f33-cf55-4dc9-bbdf-7615f606b515",
                "spaces_url": "/v2/organizations/5574495b-d55a-4074-9058-5d53f9f58055/spaces",
                "domains_url": "/v2/organizations/5574495b-d55a-4074-9058-5d53f9f58055/domains",
                "private_domains_url": "/v2/organizations/5574495b-d55a-4074-9058-5d53f9f58055/private_domains",
                "users_url": "/v2/organizations/5574495b-d55a-4074-9058-5d53f9f58055/users",
                "managers_url": "/v2/organizations/5574495b-d55a-4074-9058-5d53f9f58055/managers",
                "billing_managers_url": "/v2/organizations/5574495b-d55a-4074-9058-5d53f9f58055/billing_managers",
                "auditors_url": "/v2/organizations/5574495b-d55a-4074-9058-5d53f9f58055/auditors",
                "app_events_url": "/v2/organizations/5574495b-d55a-4074-9058-5d53f9f58055/app_events",
                "space_quota_definitions_url": "/v2/organizations/5574495b-d55a-4074-9058-5d53f9f58055/space_quota_definitions"
            }
        },
        {
            "metadata": {
                "guid": "6a90c34f-204d-43a8-96a8-a9cfa8d73b86",
                "url": "/v2/organizations/6a90c34f-204d-43a8-96a8-a9cfa8d73b86",
                "created_at": "2017-08-24T09:49:25Z",
                "updated_at": "2017-08-24T09:49:26Z"
            },
            "entity": {
                "name": "skytile-org",
                "billing_enabled": false,
                "quota_definition_guid": "89e6ff4a-c7c6-408c-9896-dfda4c843642",
                "status": "active",
                "default_isolation_segment_guid": null,
                "quota_definition_url": "/v2/quota_definitions/89e6ff4a-c7c6-408c-9896-dfda4c843642",
                "spaces_url": "/v2/organizations/6a90c34f-204d-43a8-96a8-a9cfa8d73b86/spaces",
                "domains_url": "/v2/organizations/6a90c34f-204d-43a8-96a8-a9cfa8d73b86/domains",
                "private_domains_url": "/v2/organizations/6a90c34f-204d-43a8-96a8-a9cfa8d73b86/private_domains",
                "users_url": "/v2/organizations/6a90c34f-204d-43a8-96a8-a9cfa8d73b86/users",
                "managers_url": "/v2/organizations/6a90c34f-204d-43a8-96a8-a9cfa8d73b86/managers",
                "billing_managers_url": "/v2/organizations/6a90c34f-204d-43a8-96a8-a9cfa8d73b86/billing_managers",
                "auditors_url": "/v2/organizations/6a90c34f-204d-43a8-96a8-a9cfa8d73b86/auditors",
                "app_events_url": "/v2/organizations/6a90c34f-204d-43a8-96a8-a9cfa8d73b86/app_events",
                "space_quota_definitions_url": "/v2/organizations/6a90c34f-204d-43a8-96a8-a9cfa8d73b86/space_quota_definitions"
            }
        },
        {
            "metadata": {
                "guid": "e3ead351-d897-4a02-b2f7-8c5980d804ab",
                "url": "/v2/organizations/e3ead351-d897-4a02-b2f7-8c5980d804ab",
                "created_at": "2017-08-24T12:53:15Z",
                "updated_at": "2017-08-24T12:53:16Z"
            },
            "entity": {
                "name": "test-tile-org",
                "billing_enabled": false,
                "quota_definition_guid": "89e6ff4a-c7c6-408c-9896-dfda4c843642",
                "status": "active",
                "default_isolation_segment_guid": null,
                "quota_definition_url": "/v2/quota_definitions/89e6ff4a-c7c6-408c-9896-dfda4c843642",
                "spaces_url": "/v2/organizations/e3ead351-d897-4a02-b2f7-8c5980d804ab/spaces",
                "domains_url": "/v2/organizations/e3ead351-d897-4a02-b2f7-8c5980d804ab/domains",
                "private_domains_url": "/v2/organizations/e3ead351-d897-4a02-b2f7-8c5980d804ab/private_domains",
                "users_url": "/v2/organizations/e3ead351-d897-4a02-b2f7-8c5980d804ab/users",
                "managers_url": "/v2/organizations/e3ead351-d897-4a02-b2f7-8c5980d804ab/managers",
                "billing_managers_url": "/v2/organizations/e3ead351-d897-4a02-b2f7-8c5980d804ab/billing_managers",
                "auditors_url": "/v2/organizations/e3ead351-d897-4a02-b2f7-8c5980d804ab/auditors",
                "app_events_url": "/v2/organizations/e3ead351-d897-4a02-b2f7-8c5980d804ab/app_events",
                "space_quota_definitions_url": "/v2/organizations/e3ead351-d897-4a02-b2f7-8c5980d804ab/space_quota_definitions"
            }
        },
        {
            "metadata": {
                "guid": "2cd12178-cd4e-4094-96ce-f5db0c9dca9f",
                "url": "/v2/organizations/2cd12178-cd4e-4094-96ce-f5db0c9dca9f",
                "created_at": "2017-08-24T16:05:31Z",
                "updated_at": "2017-08-24T16:05:31Z"
            },
            "entity": {
                "name": "mkrishnakumar-pal",
                "billing_enabled": false,
                "quota_definition_guid": "f7951f33-cf55-4dc9-bbdf-7615f606b515",
                "status": "active",
                "default_isolation_segment_guid": null,
                "quota_definition_url": "/v2/quota_definitions/f7951f33-cf55-4dc9-bbdf-7615f606b515",
                "spaces_url": "/v2/organizations/2cd12178-cd4e-4094-96ce-f5db0c9dca9f/spaces",
                "domains_url": "/v2/organizations/2cd12178-cd4e-4094-96ce-f5db0c9dca9f/domains",
                "private_domains_url": "/v2/organizations/2cd12178-cd4e-4094-96ce-f5db0c9dca9f/private_domains",
                "users_url": "/v2/organizations/2cd12178-cd4e-4094-96ce-f5db0c9dca9f/users",
                "managers_url": "/v2/organizations/2cd12178-cd4e-4094-96ce-f5db0c9dca9f/managers",
                "billing_managers_url": "/v2/organizations/2cd12178-cd4e-4094-96ce-f5db0c9dca9f/billing_managers",
                "auditors_url": "/v2/organizations/2cd12178-cd4e-4094-96ce-f5db0c9dca9f/auditors",
                "app_events_url": "/v2/organizations/2cd12178-cd4e-4094-96ce-f5db0c9dca9f/app_events",
                "space_quota_definitions_url": "/v2/organizations/2cd12178-cd4e-4094-96ce-f5db0c9dca9f/space_quota_definitions"
            }
        },
        {
            "metadata": {
                "guid": "e5fa3d22-d910-4013-a5fc-42a1b61f3d89",
                "url": "/v2/organizations/e5fa3d22-d910-4013-a5fc-42a1b61f3d89",
                "created_at": "2017-08-30T10:53:29Z",
                "updated_at": "2017-08-30T10:53:30Z"
            },
            "entity": {
                "name": "skymongo-org",
                "billing_enabled": false,
                "quota_definition_guid": "89e6ff4a-c7c6-408c-9896-dfda4c843642",
                "status": "active",
                "default_isolation_segment_guid": null,
                "quota_definition_url": "/v2/quota_definitions/89e6ff4a-c7c6-408c-9896-dfda4c843642",
                "spaces_url": "/v2/organizations/e5fa3d22-d910-4013-a5fc-42a1b61f3d89/spaces",
                "domains_url": "/v2/organizations/e5fa3d22-d910-4013-a5fc-42a1b61f3d89/domains",
                "private_domains_url": "/v2/organizations/e5fa3d22-d910-4013-a5fc-42a1b61f3d89/private_domains",
                "users_url": "/v2/organizations/e5fa3d22-d910-4013-a5fc-42a1b61f3d89/users",
                "managers_url": "/v2/organizations/e5fa3d22-d910-4013-a5fc-42a1b61f3d89/managers",
                "billing_managers_url": "/v2/organizations/e5fa3d22-d910-4013-a5fc-42a1b61f3d89/billing_managers",
                "auditors_url": "/v2/organizations/e5fa3d22-d910-4013-a5fc-42a1b61f3d89/auditors",
                "app_events_url": "/v2/organizations/e5fa3d22-d910-4013-a5fc-42a1b61f3d89/app_events",
                "space_quota_definitions_url": "/v2/organizations/e5fa3d22-d910-4013-a5fc-42a1b61f3d89/space_quota_definitions"
            }
        },
        {
            "metadata": {
                "guid": "5265b8bf-c4fa-44a4-9169-3c67e985627e",
                "url": "/v2/organizations/5265b8bf-c4fa-44a4-9169-3c67e985627e",
                "created_at": "2017-09-06T13:47:46Z",
                "updated_at": "2017-09-06T13:47:46Z"
            },
            "entity": {
                "name": "CDE-Partners",
                "billing_enabled": false,
                "quota_definition_guid": "f7951f33-cf55-4dc9-bbdf-7615f606b515",
                "status": "active",
                "default_isolation_segment_guid": null,
                "quota_definition_url": "/v2/quota_definitions/f7951f33-cf55-4dc9-bbdf-7615f606b515",
                "spaces_url": "/v2/organizations/5265b8bf-c4fa-44a4-9169-3c67e985627e/spaces",
                "domains_url": "/v2/organizations/5265b8bf-c4fa-44a4-9169-3c67e985627e/domains",
                "private_domains_url": "/v2/organizations/5265b8bf-c4fa-44a4-9169-3c67e985627e/private_domains",
                "users_url": "/v2/organizations/5265b8bf-c4fa-44a4-9169-3c67e985627e/users",
                "managers_url": "/v2/organizations/5265b8bf-c4fa-44a4-9169-3c67e985627e/managers",
                "billing_managers_url": "/v2/organizations/5265b8bf-c4fa-44a4-9169-3c67e985627e/billing_managers",
                "auditors_url": "/v2/organizations/5265b8bf-c4fa-44a4-9169-3c67e985627e/auditors",
                "app_events_url": "/v2/organizations/5265b8bf-c4fa-44a4-9169-3c67e985627e/app_events",
                "space_quota_definitions_url": "/v2/organizations/5265b8bf-c4fa-44a4-9169-3c67e985627e/space_quota_definitions"
            }
        },
        {
            "metadata": {
                "guid": "239dd5a4-f496-4134-88b1-f7b6c4a773f3",
                "url": "/v2/organizations/239dd5a4-f496-4134-88b1-f7b6c4a773f3",
                "created_at": "2017-09-12T07:17:03Z",
                "updated_at": "2017-09-12T07:17:03Z"
            },
            "entity": {
                "name": "learningOrg",
                "billing_enabled": false,
                "quota_definition_guid": "f7951f33-cf55-4dc9-bbdf-7615f606b515",
                "status": "active",
                "default_isolation_segment_guid": null,
                "quota_definition_url": "/v2/quota_definitions/f7951f33-cf55-4dc9-bbdf-7615f606b515",
                "spaces_url": "/v2/organizations/239dd5a4-f496-4134-88b1-f7b6c4a773f3/spaces",
                "domains_url": "/v2/organizations/239dd5a4-f496-4134-88b1-f7b6c4a773f3/domains",
                "private_domains_url": "/v2/organizations/239dd5a4-f496-4134-88b1-f7b6c4a773f3/private_domains",
                "users_url": "/v2/organizations/239dd5a4-f496-4134-88b1-f7b6c4a773f3/users",
                "managers_url": "/v2/organizations/239dd5a4-f496-4134-88b1-f7b6c4a773f3/managers",
                "billing_managers_url": "/v2/organizations/239dd5a4-f496-4134-88b1-f7b6c4a773f3/billing_managers",
                "auditors_url": "/v2/organizations/239dd5a4-f496-4134-88b1-f7b6c4a773f3/auditors",
                "app_events_url": "/v2/organizations/239dd5a4-f496-4134-88b1-f7b6c4a773f3/app_events",
                "space_quota_definitions_url": "/v2/organizations/239dd5a4-f496-4134-88b1-f7b6c4a773f3/space_quota_definitions"
            }
        },
        {
            "metadata": {
                "guid": "4b8d6f55-8704-4ce7-bcba-0d49d8e5d1fa",
                "url": "/v2/organizations/4b8d6f55-8704-4ce7-bcba-0d49d8e5d1fa",
                "created_at": "2017-10-04T12:38:30Z",
                "updated_at": "2017-10-04T12:38:30Z"
            },
            "entity": {
                "name": "MVP3",
                "billing_enabled": false,
                "quota_definition_guid": "f7951f33-cf55-4dc9-bbdf-7615f606b515",
                "status": "active",
                "default_isolation_segment_guid": null,
                "quota_definition_url": "/v2/quota_definitions/f7951f33-cf55-4dc9-bbdf-7615f606b515",
                "spaces_url": "/v2/organizations/4b8d6f55-8704-4ce7-bcba-0d49d8e5d1fa/spaces",
                "domains_url": "/v2/organizations/4b8d6f55-8704-4ce7-bcba-0d49d8e5d1fa/domains",
                "private_domains_url": "/v2/organizations/4b8d6f55-8704-4ce7-bcba-0d49d8e5d1fa/private_domains",
                "users_url": "/v2/organizations/4b8d6f55-8704-4ce7-bcba-0d49d8e5d1fa/users",
                "managers_url": "/v2/organizations/4b8d6f55-8704-4ce7-bcba-0d49d8e5d1fa/managers",
                "billing_managers_url": "/v2/organizations/4b8d6f55-8704-4ce7-bcba-0d49d8e5d1fa/billing_managers",
                "auditors_url": "/v2/organizations/4b8d6f55-8704-4ce7-bcba-0d49d8e5d1fa/auditors",
                "app_events_url": "/v2/organizations/4b8d6f55-8704-4ce7-bcba-0d49d8e5d1fa/app_events",
                "space_quota_definitions_url": "/v2/organizations/4b8d6f55-8704-4ce7-bcba-0d49d8e5d1fa/space_quota_definitions"
            }
        },
        {
            "metadata": {
                "guid": "beeefed7-979a-4268-a1fa-6cdc35106cc0",
                "url": "/v2/organizations/beeefed7-979a-4268-a1fa-6cdc35106cc0",
                "created_at": "2017-10-06T14:11:59Z",
                "updated_at": "2017-10-06T14:11:59Z"
            },
            "entity": {
                "name": "ksundaresan-pal",
                "billing_enabled": false,
                "quota_definition_guid": "f7951f33-cf55-4dc9-bbdf-7615f606b515",
                "status": "active",
                "default_isolation_segment_guid": null,
                "quota_definition_url": "/v2/quota_definitions/f7951f33-cf55-4dc9-bbdf-7615f606b515",
                "spaces_url": "/v2/organizations/beeefed7-979a-4268-a1fa-6cdc35106cc0/spaces",
                "domains_url": "/v2/organizations/beeefed7-979a-4268-a1fa-6cdc35106cc0/domains",
                "private_domains_url": "/v2/organizations/beeefed7-979a-4268-a1fa-6cdc35106cc0/private_domains",
                "users_url": "/v2/organizations/beeefed7-979a-4268-a1fa-6cdc35106cc0/users",
                "managers_url": "/v2/organizations/beeefed7-979a-4268-a1fa-6cdc35106cc0/managers",
                "billing_managers_url": "/v2/organizations/beeefed7-979a-4268-a1fa-6cdc35106cc0/billing_managers",
                "auditors_url": "/v2/organizations/beeefed7-979a-4268-a1fa-6cdc35106cc0/auditors",
                "app_events_url": "/v2/organizations/beeefed7-979a-4268-a1fa-6cdc35106cc0/app_events",
                "space_quota_definitions_url": "/v2/organizations/beeefed7-979a-4268-a1fa-6cdc35106cc0/space_quota_definitions"
            }
        },
        {
            "metadata": {
                "guid": "09a08641-a92d-450b-8127-bd3d211ffee1",
                "url": "/v2/organizations/09a08641-a92d-450b-8127-bd3d211ffee1",
                "created_at": "2017-10-12T10:25:45Z",
                "updated_at": "2017-10-12T10:25:45Z"
            },
            "entity": {
                "name": "cdecognizantlabs",
                "billing_enabled": false,
                "quota_definition_guid": "f7951f33-cf55-4dc9-bbdf-7615f606b515",
                "status": "active",
                "default_isolation_segment_guid": null,
                "quota_definition_url": "/v2/quota_definitions/f7951f33-cf55-4dc9-bbdf-7615f606b515",
                "spaces_url": "/v2/organizations/09a08641-a92d-450b-8127-bd3d211ffee1/spaces",
                "domains_url": "/v2/organizations/09a08641-a92d-450b-8127-bd3d211ffee1/domains",
                "private_domains_url": "/v2/organizations/09a08641-a92d-450b-8127-bd3d211ffee1/private_domains",
                "users_url": "/v2/organizations/09a08641-a92d-450b-8127-bd3d211ffee1/users",
                "managers_url": "/v2/organizations/09a08641-a92d-450b-8127-bd3d211ffee1/managers",
                "billing_managers_url": "/v2/organizations/09a08641-a92d-450b-8127-bd3d211ffee1/billing_managers",
                "auditors_url": "/v2/organizations/09a08641-a92d-450b-8127-bd3d211ffee1/auditors",
                "app_events_url": "/v2/organizations/09a08641-a92d-450b-8127-bd3d211ffee1/app_events",
                "space_quota_definitions_url": "/v2/organizations/09a08641-a92d-450b-8127-bd3d211ffee1/space_quota_definitions"
            }
        },
        {
            "metadata": {
                "guid": "ffac57b8-13ed-40d6-a059-b1610b44e883",
                "url": "/v2/organizations/ffac57b8-13ed-40d6-a059-b1610b44e883",
                "created_at": "2017-10-13T06:36:08Z",
                "updated_at": "2017-10-13T06:36:08Z"
            },
            "entity": {
                "name": "Jesudoss-Jayakumar",
                "billing_enabled": false,
                "quota_definition_guid": "f7951f33-cf55-4dc9-bbdf-7615f606b515",
                "status": "active",
                "default_isolation_segment_guid": null,
                "quota_definition_url": "/v2/quota_definitions/f7951f33-cf55-4dc9-bbdf-7615f606b515",
                "spaces_url": "/v2/organizations/ffac57b8-13ed-40d6-a059-b1610b44e883/spaces",
                "domains_url": "/v2/organizations/ffac57b8-13ed-40d6-a059-b1610b44e883/domains",
                "private_domains_url": "/v2/organizations/ffac57b8-13ed-40d6-a059-b1610b44e883/private_domains",
                "users_url": "/v2/organizations/ffac57b8-13ed-40d6-a059-b1610b44e883/users",
                "managers_url": "/v2/organizations/ffac57b8-13ed-40d6-a059-b1610b44e883/managers",
                "billing_managers_url": "/v2/organizations/ffac57b8-13ed-40d6-a059-b1610b44e883/billing_managers",
                "auditors_url": "/v2/organizations/ffac57b8-13ed-40d6-a059-b1610b44e883/auditors",
                "app_events_url": "/v2/organizations/ffac57b8-13ed-40d6-a059-b1610b44e883/app_events",
                "space_quota_definitions_url": "/v2/organizations/ffac57b8-13ed-40d6-a059-b1610b44e883/space_quota_definitions"
            }
        },
        {
            "metadata": {
                "guid": "ff0e547d-0ea2-47bc-80b6-c5bd48209e38",
                "url": "/v2/organizations/ff0e547d-0ea2-47bc-80b6-c5bd48209e38",
                "created_at": "2017-10-13T06:58:37Z",
                "updated_at": "2017-10-13T06:58:37Z"
            },
            "entity": {
                "name": "Banurekha-Mohan",
                "billing_enabled": false,
                "quota_definition_guid": "f7951f33-cf55-4dc9-bbdf-7615f606b515",
                "status": "active",
                "default_isolation_segment_guid": null,
                "quota_definition_url": "/v2/quota_definitions/f7951f33-cf55-4dc9-bbdf-7615f606b515",
                "spaces_url": "/v2/organizations/ff0e547d-0ea2-47bc-80b6-c5bd48209e38/spaces",
                "domains_url": "/v2/organizations/ff0e547d-0ea2-47bc-80b6-c5bd48209e38/domains",
                "private_domains_url": "/v2/organizations/ff0e547d-0ea2-47bc-80b6-c5bd48209e38/private_domains",
                "users_url": "/v2/organizations/ff0e547d-0ea2-47bc-80b6-c5bd48209e38/users",
                "managers_url": "/v2/organizations/ff0e547d-0ea2-47bc-80b6-c5bd48209e38/managers",
                "billing_managers_url": "/v2/organizations/ff0e547d-0ea2-47bc-80b6-c5bd48209e38/billing_managers",
                "auditors_url": "/v2/organizations/ff0e547d-0ea2-47bc-80b6-c5bd48209e38/auditors",
                "app_events_url": "/v2/organizations/ff0e547d-0ea2-47bc-80b6-c5bd48209e38/app_events",
                "space_quota_definitions_url": "/v2/organizations/ff0e547d-0ea2-47bc-80b6-c5bd48209e38/space_quota_definitions"
            }
        },
        {
            "metadata": {
                "guid": "25e58fcf-5d9c-4ecc-a199-5d4ff1d27eba",
                "url": "/v2/organizations/25e58fcf-5d9c-4ecc-a199-5d4ff1d27eba",
                "created_at": "2017-10-13T09:06:33Z",
                "updated_at": "2017-10-13T09:06:33Z"
            },
            "entity": {
                "name": "ashokkumar-venugopal2",
                "billing_enabled": false,
                "quota_definition_guid": "f7951f33-cf55-4dc9-bbdf-7615f606b515",
                "status": "active",
                "default_isolation_segment_guid": null,
                "quota_definition_url": "/v2/quota_definitions/f7951f33-cf55-4dc9-bbdf-7615f606b515",
                "spaces_url": "/v2/organizations/25e58fcf-5d9c-4ecc-a199-5d4ff1d27eba/spaces",
                "domains_url": "/v2/organizations/25e58fcf-5d9c-4ecc-a199-5d4ff1d27eba/domains",
                "private_domains_url": "/v2/organizations/25e58fcf-5d9c-4ecc-a199-5d4ff1d27eba/private_domains",
                "users_url": "/v2/organizations/25e58fcf-5d9c-4ecc-a199-5d4ff1d27eba/users",
                "managers_url": "/v2/organizations/25e58fcf-5d9c-4ecc-a199-5d4ff1d27eba/managers",
                "billing_managers_url": "/v2/organizations/25e58fcf-5d9c-4ecc-a199-5d4ff1d27eba/billing_managers",
                "auditors_url": "/v2/organizations/25e58fcf-5d9c-4ecc-a199-5d4ff1d27eba/auditors",
                "app_events_url": "/v2/organizations/25e58fcf-5d9c-4ecc-a199-5d4ff1d27eba/app_events",
                "space_quota_definitions_url": "/v2/organizations/25e58fcf-5d9c-4ecc-a199-5d4ff1d27eba/space_quota_definitions"
            }
        },
        {
            "metadata": {
                "guid": "868908b0-8cee-40c4-8191-baf039163a9a",
                "url": "/v2/organizations/868908b0-8cee-40c4-8191-baf039163a9a",
                "created_at": "2017-10-17T13:51:48Z",
                "updated_at": "2017-10-17T13:51:48Z"
            },
            "entity": {
                "name": "suresh-siddana",
                "billing_enabled": false,
                "quota_definition_guid": "f7951f33-cf55-4dc9-bbdf-7615f606b515",
                "status": "active",
                "default_isolation_segment_guid": null,
                "quota_definition_url": "/v2/quota_definitions/f7951f33-cf55-4dc9-bbdf-7615f606b515",
                "spaces_url": "/v2/organizations/868908b0-8cee-40c4-8191-baf039163a9a/spaces",
                "domains_url": "/v2/organizations/868908b0-8cee-40c4-8191-baf039163a9a/domains",
                "private_domains_url": "/v2/organizations/868908b0-8cee-40c4-8191-baf039163a9a/private_domains",
                "users_url": "/v2/organizations/868908b0-8cee-40c4-8191-baf039163a9a/users",
                "managers_url": "/v2/organizations/868908b0-8cee-40c4-8191-baf039163a9a/managers",
                "billing_managers_url": "/v2/organizations/868908b0-8cee-40c4-8191-baf039163a9a/billing_managers",
                "auditors_url": "/v2/organizations/868908b0-8cee-40c4-8191-baf039163a9a/auditors",
                "app_events_url": "/v2/organizations/868908b0-8cee-40c4-8191-baf039163a9a/app_events",
                "space_quota_definitions_url": "/v2/organizations/868908b0-8cee-40c4-8191-baf039163a9a/space_quota_definitions"
            }
        },
        {
            "metadata": {
                "guid": "1cdfbd7b-c5c0-4937-93c7-f99494f7dc01",
                "url": "/v2/organizations/1cdfbd7b-c5c0-4937-93c7-f99494f7dc01",
                "created_at": "2017-10-19T10:29:15Z",
                "updated_at": "2018-01-03T12:15:19Z"
            },
            "entity": {
                "name": "Enablement-Production",
                "billing_enabled": false,
                "quota_definition_guid": "f7951f33-cf55-4dc9-bbdf-7615f606b515",
                "status": "active",
                "default_isolation_segment_guid": null,
                "quota_definition_url": "/v2/quota_definitions/f7951f33-cf55-4dc9-bbdf-7615f606b515",
                "spaces_url": "/v2/organizations/1cdfbd7b-c5c0-4937-93c7-f99494f7dc01/spaces",
                "domains_url": "/v2/organizations/1cdfbd7b-c5c0-4937-93c7-f99494f7dc01/domains",
                "private_domains_url": "/v2/organizations/1cdfbd7b-c5c0-4937-93c7-f99494f7dc01/private_domains",
                "users_url": "/v2/organizations/1cdfbd7b-c5c0-4937-93c7-f99494f7dc01/users",
                "managers_url": "/v2/organizations/1cdfbd7b-c5c0-4937-93c7-f99494f7dc01/managers",
                "billing_managers_url": "/v2/organizations/1cdfbd7b-c5c0-4937-93c7-f99494f7dc01/billing_managers",
                "auditors_url": "/v2/organizations/1cdfbd7b-c5c0-4937-93c7-f99494f7dc01/auditors",
                "app_events_url": "/v2/organizations/1cdfbd7b-c5c0-4937-93c7-f99494f7dc01/app_events",
                "space_quota_definitions_url": "/v2/organizations/1cdfbd7b-c5c0-4937-93c7-f99494f7dc01/space_quota_definitions"
            }
        },
        {
            "metadata": {
                "guid": "6c7e9be7-b067-4eb9-94fa-ce9373f3892b",
                "url": "/v2/organizations/6c7e9be7-b067-4eb9-94fa-ce9373f3892b",
                "created_at": "2017-10-19T17:31:47Z",
                "updated_at": "2017-10-19T17:31:47Z"
            },
            "entity": {
                "name": "senthilkumar-4-k-4",
                "billing_enabled": false,
                "quota_definition_guid": "f7951f33-cf55-4dc9-bbdf-7615f606b515",
                "status": "active",
                "default_isolation_segment_guid": null,
                "quota_definition_url": "/v2/quota_definitions/f7951f33-cf55-4dc9-bbdf-7615f606b515",
                "spaces_url": "/v2/organizations/6c7e9be7-b067-4eb9-94fa-ce9373f3892b/spaces",
                "domains_url": "/v2/organizations/6c7e9be7-b067-4eb9-94fa-ce9373f3892b/domains",
                "private_domains_url": "/v2/organizations/6c7e9be7-b067-4eb9-94fa-ce9373f3892b/private_domains",
                "users_url": "/v2/organizations/6c7e9be7-b067-4eb9-94fa-ce9373f3892b/users",
                "managers_url": "/v2/organizations/6c7e9be7-b067-4eb9-94fa-ce9373f3892b/managers",
                "billing_managers_url": "/v2/organizations/6c7e9be7-b067-4eb9-94fa-ce9373f3892b/billing_managers",
                "auditors_url": "/v2/organizations/6c7e9be7-b067-4eb9-94fa-ce9373f3892b/auditors",
                "app_events_url": "/v2/organizations/6c7e9be7-b067-4eb9-94fa-ce9373f3892b/app_events",
                "space_quota_definitions_url": "/v2/organizations/6c7e9be7-b067-4eb9-94fa-ce9373f3892b/space_quota_definitions"
            }
        },
        {
            "metadata": {
                "guid": "0efde022-f25a-4b31-934f-1b98f3a0c402",
                "url": "/v2/organizations/0efde022-f25a-4b31-934f-1b98f3a0c402",
                "created_at": "2017-10-23T13:18:22Z",
                "updated_at": "2018-01-17T15:02:53Z"
            },
            "entity": {
                "name": "p-spring-cloud-services",
                "billing_enabled": false,
                "quota_definition_guid": "e5d412ad-1d56-46bb-8d0d-c090749be5f5",
                "status": "active",
                "default_isolation_segment_guid": null,
                "quota_definition_url": "/v2/quota_definitions/e5d412ad-1d56-46bb-8d0d-c090749be5f5",
                "spaces_url": "/v2/organizations/0efde022-f25a-4b31-934f-1b98f3a0c402/spaces",
                "domains_url": "/v2/organizations/0efde022-f25a-4b31-934f-1b98f3a0c402/domains",
                "private_domains_url": "/v2/organizations/0efde022-f25a-4b31-934f-1b98f3a0c402/private_domains",
                "users_url": "/v2/organizations/0efde022-f25a-4b31-934f-1b98f3a0c402/users",
                "managers_url": "/v2/organizations/0efde022-f25a-4b31-934f-1b98f3a0c402/managers",
                "billing_managers_url": "/v2/organizations/0efde022-f25a-4b31-934f-1b98f3a0c402/billing_managers",
                "auditors_url": "/v2/organizations/0efde022-f25a-4b31-934f-1b98f3a0c402/auditors",
                "app_events_url": "/v2/organizations/0efde022-f25a-4b31-934f-1b98f3a0c402/app_events",
                "space_quota_definitions_url": "/v2/organizations/0efde022-f25a-4b31-934f-1b98f3a0c402/space_quota_definitions"
            }
        },
        {
            "metadata": {
                "guid": "59790888-8682-48d0-9ed4-4b8dc9c5e02d",
                "url": "/v2/organizations/59790888-8682-48d0-9ed4-4b8dc9c5e02d",
                "created_at": "2017-10-24T08:08:55Z",
                "updated_at": "2017-10-24T08:08:55Z"
            },
            "entity": {
                "name": "vfong-pal",
                "billing_enabled": false,
                "quota_definition_guid": "f7951f33-cf55-4dc9-bbdf-7615f606b515",
                "status": "active",
                "default_isolation_segment_guid": null,
                "quota_definition_url": "/v2/quota_definitions/f7951f33-cf55-4dc9-bbdf-7615f606b515",
                "spaces_url": "/v2/organizations/59790888-8682-48d0-9ed4-4b8dc9c5e02d/spaces",
                "domains_url": "/v2/organizations/59790888-8682-48d0-9ed4-4b8dc9c5e02d/domains",
                "private_domains_url": "/v2/organizations/59790888-8682-48d0-9ed4-4b8dc9c5e02d/private_domains",
                "users_url": "/v2/organizations/59790888-8682-48d0-9ed4-4b8dc9c5e02d/users",
                "managers_url": "/v2/organizations/59790888-8682-48d0-9ed4-4b8dc9c5e02d/managers",
                "billing_managers_url": "/v2/organizations/59790888-8682-48d0-9ed4-4b8dc9c5e02d/billing_managers",
                "auditors_url": "/v2/organizations/59790888-8682-48d0-9ed4-4b8dc9c5e02d/auditors",
                "app_events_url": "/v2/organizations/59790888-8682-48d0-9ed4-4b8dc9c5e02d/app_events",
                "space_quota_definitions_url": "/v2/organizations/59790888-8682-48d0-9ed4-4b8dc9c5e02d/space_quota_definitions"
            }
        },
        {
            "metadata": {
                "guid": "d08bdd42-6f1f-46ed-a7d9-b3b7bfd23c70",
                "url": "/v2/organizations/d08bdd42-6f1f-46ed-a7d9-b3b7bfd23c70",
                "created_at": "2017-10-25T18:36:19Z",
                "updated_at": "2017-10-25T18:36:19Z"
            },
            "entity": {
                "name": "cde-prod",
                "billing_enabled": false,
                "quota_definition_guid": "f7951f33-cf55-4dc9-bbdf-7615f606b515",
                "status": "active",
                "default_isolation_segment_guid": null,
                "quota_definition_url": "/v2/quota_definitions/f7951f33-cf55-4dc9-bbdf-7615f606b515",
                "spaces_url": "/v2/organizations/d08bdd42-6f1f-46ed-a7d9-b3b7bfd23c70/spaces",
                "domains_url": "/v2/organizations/d08bdd42-6f1f-46ed-a7d9-b3b7bfd23c70/domains",
                "private_domains_url": "/v2/organizations/d08bdd42-6f1f-46ed-a7d9-b3b7bfd23c70/private_domains",
                "users_url": "/v2/organizations/d08bdd42-6f1f-46ed-a7d9-b3b7bfd23c70/users",
                "managers_url": "/v2/organizations/d08bdd42-6f1f-46ed-a7d9-b3b7bfd23c70/managers",
                "billing_managers_url": "/v2/organizations/d08bdd42-6f1f-46ed-a7d9-b3b7bfd23c70/billing_managers",
                "auditors_url": "/v2/organizations/d08bdd42-6f1f-46ed-a7d9-b3b7bfd23c70/auditors",
                "app_events_url": "/v2/organizations/d08bdd42-6f1f-46ed-a7d9-b3b7bfd23c70/app_events",
                "space_quota_definitions_url": "/v2/organizations/d08bdd42-6f1f-46ed-a7d9-b3b7bfd23c70/space_quota_definitions"
            }
        },
        {
            "metadata": {
                "guid": "cc165f09-80ed-4288-a337-1032a4d02d80",
                "url": "/v2/organizations/cc165f09-80ed-4288-a337-1032a4d02d80",
                "created_at": "2017-10-26T04:56:10Z",
                "updated_at": "2017-10-26T04:56:10Z"
            },
            "entity": {
                "name": "arundev",
                "billing_enabled": false,
                "quota_definition_guid": "f7951f33-cf55-4dc9-bbdf-7615f606b515",
                "status": "active",
                "default_isolation_segment_guid": null,
                "quota_definition_url": "/v2/quota_definitions/f7951f33-cf55-4dc9-bbdf-7615f606b515",
                "spaces_url": "/v2/organizations/cc165f09-80ed-4288-a337-1032a4d02d80/spaces",
                "domains_url": "/v2/organizations/cc165f09-80ed-4288-a337-1032a4d02d80/domains",
                "private_domains_url": "/v2/organizations/cc165f09-80ed-4288-a337-1032a4d02d80/private_domains",
                "users_url": "/v2/organizations/cc165f09-80ed-4288-a337-1032a4d02d80/users",
                "managers_url": "/v2/organizations/cc165f09-80ed-4288-a337-1032a4d02d80/managers",
                "billing_managers_url": "/v2/organizations/cc165f09-80ed-4288-a337-1032a4d02d80/billing_managers",
                "auditors_url": "/v2/organizations/cc165f09-80ed-4288-a337-1032a4d02d80/auditors",
                "app_events_url": "/v2/organizations/cc165f09-80ed-4288-a337-1032a4d02d80/app_events",
                "space_quota_definitions_url": "/v2/organizations/cc165f09-80ed-4288-a337-1032a4d02d80/space_quota_definitions"
            }
        },
        {
            "metadata": {
                "guid": "296c66ec-4e9e-4ec7-aeec-1ee5f8800f94",
                "url": "/v2/organizations/296c66ec-4e9e-4ec7-aeec-1ee5f8800f94",
                "created_at": "2017-10-30T10:50:11Z",
                "updated_at": "2017-10-30T10:50:11Z"
            },
            "entity": {
                "name": "training",
                "billing_enabled": false,
                "quota_definition_guid": "f7951f33-cf55-4dc9-bbdf-7615f606b515",
                "status": "active",
                "default_isolation_segment_guid": null,
                "quota_definition_url": "/v2/quota_definitions/f7951f33-cf55-4dc9-bbdf-7615f606b515",
                "spaces_url": "/v2/organizations/296c66ec-4e9e-4ec7-aeec-1ee5f8800f94/spaces",
                "domains_url": "/v2/organizations/296c66ec-4e9e-4ec7-aeec-1ee5f8800f94/domains",
                "private_domains_url": "/v2/organizations/296c66ec-4e9e-4ec7-aeec-1ee5f8800f94/private_domains",
                "users_url": "/v2/organizations/296c66ec-4e9e-4ec7-aeec-1ee5f8800f94/users",
                "managers_url": "/v2/organizations/296c66ec-4e9e-4ec7-aeec-1ee5f8800f94/managers",
                "billing_managers_url": "/v2/organizations/296c66ec-4e9e-4ec7-aeec-1ee5f8800f94/billing_managers",
                "auditors_url": "/v2/organizations/296c66ec-4e9e-4ec7-aeec-1ee5f8800f94/auditors",
                "app_events_url": "/v2/organizations/296c66ec-4e9e-4ec7-aeec-1ee5f8800f94/app_events",
                "space_quota_definitions_url": "/v2/organizations/296c66ec-4e9e-4ec7-aeec-1ee5f8800f94/space_quota_definitions"
            }
        },
        {
            "metadata": {
                "guid": "41f36f39-3337-467e-a1bc-350aca568a92",
                "url": "/v2/organizations/41f36f39-3337-467e-a1bc-350aca568a92",
                "created_at": "2017-11-01T07:40:42Z",
                "updated_at": "2017-11-01T07:40:42Z"
            },
            "entity": {
                "name": "aroy-pal",
                "billing_enabled": false,
                "quota_definition_guid": "f7951f33-cf55-4dc9-bbdf-7615f606b515",
                "status": "active",
                "default_isolation_segment_guid": null,
                "quota_definition_url": "/v2/quota_definitions/f7951f33-cf55-4dc9-bbdf-7615f606b515",
                "spaces_url": "/v2/organizations/41f36f39-3337-467e-a1bc-350aca568a92/spaces",
                "domains_url": "/v2/organizations/41f36f39-3337-467e-a1bc-350aca568a92/domains",
                "private_domains_url": "/v2/organizations/41f36f39-3337-467e-a1bc-350aca568a92/private_domains",
                "users_url": "/v2/organizations/41f36f39-3337-467e-a1bc-350aca568a92/users",
                "managers_url": "/v2/organizations/41f36f39-3337-467e-a1bc-350aca568a92/managers",
                "billing_managers_url": "/v2/organizations/41f36f39-3337-467e-a1bc-350aca568a92/billing_managers",
                "auditors_url": "/v2/organizations/41f36f39-3337-467e-a1bc-350aca568a92/auditors",
                "app_events_url": "/v2/organizations/41f36f39-3337-467e-a1bc-350aca568a92/app_events",
                "space_quota_definitions_url": "/v2/organizations/41f36f39-3337-467e-a1bc-350aca568a92/space_quota_definitions"
            }
        },
        {
            "metadata": {
                "guid": "c080d27f-fe25-41dd-a397-089ee4572464",
                "url": "/v2/organizations/c080d27f-fe25-41dd-a397-089ee4572464",
                "created_at": "2017-11-01T07:40:45Z",
                "updated_at": "2017-11-01T07:40:45Z"
            },
            "entity": {
                "name": "asinghal-pal",
                "billing_enabled": false,
                "quota_definition_guid": "f7951f33-cf55-4dc9-bbdf-7615f606b515",
                "status": "active",
                "default_isolation_segment_guid": null,
                "quota_definition_url": "/v2/quota_definitions/f7951f33-cf55-4dc9-bbdf-7615f606b515",
                "spaces_url": "/v2/organizations/c080d27f-fe25-41dd-a397-089ee4572464/spaces",
                "domains_url": "/v2/organizations/c080d27f-fe25-41dd-a397-089ee4572464/domains",
                "private_domains_url": "/v2/organizations/c080d27f-fe25-41dd-a397-089ee4572464/private_domains",
                "users_url": "/v2/organizations/c080d27f-fe25-41dd-a397-089ee4572464/users",
                "managers_url": "/v2/organizations/c080d27f-fe25-41dd-a397-089ee4572464/managers",
                "billing_managers_url": "/v2/organizations/c080d27f-fe25-41dd-a397-089ee4572464/billing_managers",
                "auditors_url": "/v2/organizations/c080d27f-fe25-41dd-a397-089ee4572464/auditors",
                "app_events_url": "/v2/organizations/c080d27f-fe25-41dd-a397-089ee4572464/app_events",
                "space_quota_definitions_url": "/v2/organizations/c080d27f-fe25-41dd-a397-089ee4572464/space_quota_definitions"
            }
        },
        {
            "metadata": {
                "guid": "dc1810d0-0072-4c1b-9256-531b5c67003a",
                "url": "/v2/organizations/dc1810d0-0072-4c1b-9256-531b5c67003a",
                "created_at": "2017-11-01T07:40:48Z",
                "updated_at": "2017-11-01T07:40:48Z"
            },
            "entity": {
                "name": "ajeez-pal",
                "billing_enabled": false,
                "quota_definition_guid": "f7951f33-cf55-4dc9-bbdf-7615f606b515",
                "status": "active",
                "default_isolation_segment_guid": null,
                "quota_definition_url": "/v2/quota_definitions/f7951f33-cf55-4dc9-bbdf-7615f606b515",
                "spaces_url": "/v2/organizations/dc1810d0-0072-4c1b-9256-531b5c67003a/spaces",
                "domains_url": "/v2/organizations/dc1810d0-0072-4c1b-9256-531b5c67003a/domains",
                "private_domains_url": "/v2/organizations/dc1810d0-0072-4c1b-9256-531b5c67003a/private_domains",
                "users_url": "/v2/organizations/dc1810d0-0072-4c1b-9256-531b5c67003a/users",
                "managers_url": "/v2/organizations/dc1810d0-0072-4c1b-9256-531b5c67003a/managers",
                "billing_managers_url": "/v2/organizations/dc1810d0-0072-4c1b-9256-531b5c67003a/billing_managers",
                "auditors_url": "/v2/organizations/dc1810d0-0072-4c1b-9256-531b5c67003a/auditors",
                "app_events_url": "/v2/organizations/dc1810d0-0072-4c1b-9256-531b5c67003a/app_events",
                "space_quota_definitions_url": "/v2/organizations/dc1810d0-0072-4c1b-9256-531b5c67003a/space_quota_definitions"
            }
        }
    ]
}