<?xml version="1.0" encoding="UTF-8"?>
<!-- <!DOCTYPE beans PUBLIC "-//SPRING//DTD BEAN 2.0//EN"
	"http://www.springframework.org/dtd/spring-beans-2.0.dtd"> -->
	
<beans xmlns="http://www.springframework.org/schema/beans"
    xmlns:xsi="http://www.w3.org/2001/XMLSchema-instance"
    xsi:schemaLocation="
        http://www.springframework.org/schema/beans http://www.springframework.org/schema/beans/spring-beans.xsd
		http://www.springframework.org/schema/context http://www.springframework.org/schema/context/spring-context.xsd"
	xmlns:context="http://www.springframework.org/schema/context"
	default-init-method="myInitAfterPropertiesSet"
	default-destroy-method="destroyAfterDisposableBean">
	
	<bean id="triangle" class="org.koushik.javabrains.Triangle" 
			autowire="byName" >
			<!--  	init-method="myInitAfterPropertiesSet" 
					destroy-method="destroyAfterDisposableBean"> -->
			<!--  	scope="prototype" -->
		<!-- <property name="pointA" ref="pointA"></property>
		<property name="pointB" ref="pointB"></property>
		<property name="pointC" ref="pointC"></property> -->
	</bean>
	
	<bean id="pointA" class="org.koushik.javabrains.Point">
		<!--  scope="prototype"> -->
		<qualifier value="circleRelated" />
		<property name="x" value="${pointA.pointX}" />
		<property name="y" value="${pointA.pointY}" />
	</bean>
 	<bean id="pointB" class="org.koushik.javabrains.Point">
		<property name="x" value="-20" />
		<property name="y" value="0" />
	</bean>
	
	<bean id="messageSource" class="org.springframework.context.support.ResourceBundleMessageSource" >
		<property name="basenames">
			<list>
				<value>mymessages</value>
			</list>
		</property>
	</bean>
<!--
	<bean id="pointC" class="org.koushik.javabrains.Point">
		<property name="x" value="20" />
		<property name="y" value="0" />
	</bean> -->
	
	<!-- <bean id="circle" class="org.koushik.javabrains.Circle">
		<property name="center" ref="pointA" />
	</bean> -->
	
	<!-- <bean class="org.koushik.javabrains.MyBeanFactoryPP" /> -->
	
	<bean class="org.springframework.beans.factory.config.PropertyPlaceholderConfigurer">
		<property name="locations" value="classpath:pointsconfig.properties" />
	</bean>
	
	<!-- <bean class="org.koushik.javabrains.DisplayNameBeanPostProcessor" /> -->
	<!-- <bean class="org.springframework.beans.factory.annotation.RequiredAnnotationBeanPostProcessor" /> -->
	<!-- <bean class="org.springframework.beans.factory.annotation.AutowiredAnnotationBeanPostProcessor" /> -->
	
	<!-- This will take care of initializing all Bean Post Processors -->
	<context:annotation-config />
	<context:component-scan base-package="org.koushik.javabrains" />

<!-- 
		<property name="points">
			<list>
				<ref bean="zeroPoint" />
				<ref bean="point2" />
				<ref bean="point3" />
			</list>
		</property>
 -->
 
<!-- 	Type6 - 
		<property name="pointA">
			<idref="zeroPoint" />
		</property>
		<property name="pointB">
			<bean id="point2" class="org.koushik.javabrains.Point">
				<property name="x" value="-20" />
				<property name="y" value="0" />
			</bean>
		</property>
		<property name="pointC">
			<bean id="point3" class="org.koushik.javabrains.Point">
				<property name="x" value="20" />
				<property name="y" value="0" />
			</bean>
		</property>
		<alias name="triangle" alias="triangle-alias"/>
-->
	
<!-- 	Type1 -		<property name="type" value="Equilateral" /> -->
<!-- 	Type2 -		<constructor-arg value="Equilateral" /> -->
<!-- 	Type3 -		<constructor-arg type="int" value="20" /> -->
<!-- 	Type4 -		<constructor-arg index="0" value="Equilateral" /> -->
<!-- 				<constructor-arg index="1" value="20" /> -->
<!-- 	Type5 - 	<constructor-arg value="20" />
					<constructor-arg value="Equilateral" /> -->
</beans>
